-- Generated from GameSeeder.CreateCuratedColdStart. Do not hand-edit.
SET ANSI_NULLS ON;
SET QUOTED_IDENTIFIER ON;
SET ANSI_PADDING ON;
SET ANSI_WARNINGS ON;
SET CONCAT_NULL_YIELDS_NULL ON;
SET ARITHABORT ON;
SET NUMERIC_ROUNDABORT OFF;
SET XACT_ABORT ON;

BEGIN TRANSACTION;
IF NOT EXISTS (SELECT 1 FROM dbo.Cycles)
BEGIN
    DECLARE @SeededAt DATETIMEOFFSET = SYSDATETIMEOFFSET();
    DECLARE @CycleName NVARCHAR(120) = CONCAT(N'Cycle ', DATEPART(YEAR, @SeededAt), N'.', RIGHT(N'0' + CONVERT(NVARCHAR(2), DATEPART(MONTH, @SeededAt)), 2));

    INSERT INTO dbo.Players(PlayerID, Username, Email, PasswordHash, ExternalIssuer, ExternalSubject, Role, CreatedAt, LastLoginAt, Status)
    VALUES
        ('089f8d2b-cb2f-2235-8fae-c0d1a135c865', N'player-1', N'player-1@cycles.local', N'prototype', N'', N'', N'Player', @SeededAt, @SeededAt, N'Active'),
        ('7ff1913a-63f9-122f-cd2b-ac8e709afa03', N'player-2', N'player-2@cycles.local', N'prototype', N'', N'', N'Player', @SeededAt, @SeededAt, N'Active'),
        ('4c2b8d58-af0d-9f22-846e-4c213d53d181', N'player-3', N'player-3@cycles.local', N'prototype', N'', N'', N'Player', @SeededAt, @SeededAt, N'Active'),
        ('5157de0c-e13b-b784-3c78-b5bc77fa9bb0', N'player-4', N'player-4@cycles.local', N'prototype', N'', N'', N'Player', @SeededAt, @SeededAt, N'Active');

    INSERT INTO dbo.Cycles(CycleID, Name, StartAt, EndAt, TickLengthMinutes, CurrentTickNumber, Status, CreatedAt)
    VALUES
        ('fce1d96a-6a07-4559-cff6-dd6efde758ae', @CycleName, @SeededAt, DATEADD(DAY, 90, @SeededAt), 60, 0, N'Active', @SeededAt);

    INSERT INTO dbo.GalaxySectors(SectorID, CycleID, SectorName, CentreX, CentreY, SortOrder)
    VALUES
        ('86fc7d8f-8a34-23d1-015f-db42e6d6d247', 'fce1d96a-6a07-4559-cff6-dd6efde758ae', N'Aster Reach', 500, 82, 0),
        ('8eb5b59f-79e0-d703-72b1-1155434f0559', 'fce1d96a-6a07-4559-cff6-dd6efde758ae', N'Auric Veil', 650, 103, 1),
        ('915e1da0-caa4-8b18-01a3-1aaf4a398e85', 'fce1d96a-6a07-4559-cff6-dd6efde758ae', N'Cinder March', 780, 165, 2),
        ('6ec053bd-6b72-990e-85f7-4a384fc8039c', 'fce1d96a-6a07-4559-cff6-dd6efde758ae', N'Glass Expanse', 872, 252, 3),
        ('b84cd9d4-2e34-3eb8-dda3-1ee7bf287265', 'fce1d96a-6a07-4559-cff6-dd6efde758ae', N'Hollow Crown', 900, 350, 4),
        ('e09df2ab-fecd-ba86-959b-c986b7014e87', 'fce1d96a-6a07-4559-cff6-dd6efde758ae', N'Juniper Rift', 862, 458, 5),
        ('6b50b2c7-5c67-8f7c-e987-d8707a7a75f4', 'fce1d96a-6a07-4559-cff6-dd6efde758ae', N'Lacuna Verge', 775, 540, 6),
        ('5ffe5d3a-f365-a5e0-227c-c5466dca4028', 'fce1d96a-6a07-4559-cff6-dd6efde758ae', N'Mournstar Deep', 650, 602, 7),
        ('8ee239a2-6be6-3762-cd7c-e25574b5eb37', 'fce1d96a-6a07-4559-cff6-dd6efde758ae', N'Orison Fold', 500, 620, 8),
        ('00c84569-4cb3-3f99-bd4d-5da6c6864883', 'fce1d96a-6a07-4559-cff6-dd6efde758ae', N'Red Lattice', 350, 603, 9),
        ('af16be25-d5f7-7d95-5c3c-8b1edba3f33b', 'fce1d96a-6a07-4559-cff6-dd6efde758ae', N'Sable Drift', 225, 542, 10),
        ('54974816-a134-6734-fcd8-9c43d86314e3', 'fce1d96a-6a07-4559-cff6-dd6efde758ae', N'Ternary Reach', 138, 458, 11),
        ('f7f9c31b-3c92-8bd8-7f8a-403721296db9', 'fce1d96a-6a07-4559-cff6-dd6efde758ae', N'Umbral Marches', 98, 350, 12),
        ('dec8bafd-7e6f-9479-7e9e-f51ee7c830ca', 'fce1d96a-6a07-4559-cff6-dd6efde758ae', N'Verdant Coil', 132, 245, 13),
        ('3cf3133f-aa73-d2f1-dd39-cc6365b5f64a', 'fce1d96a-6a07-4559-cff6-dd6efde758ae', N'Warden Line', 225, 155, 14),
        ('16c70d64-87cf-debd-694f-8e17d448238d', 'fce1d96a-6a07-4559-cff6-dd6efde758ae', N'Zenith Arc', 355, 102, 15);

    INSERT INTO dbo.Systems(SystemID, CycleID, SectorID, SystemName, X, Y, IndustryOutput, ResearchOutput, PopulationOutput, StrategicValue, HistoricalSignificance, CreatedAt)
    VALUES
        ('403e9403-2340-8c6a-cf4c-225004dc02fb', 'fce1d96a-6a07-4559-cff6-dd6efde758ae', '86fc7d8f-8a34-23d1-015f-db42e6d6d247', N'Aster Vale', 485, 53, 74, 20, 64, 31, 0, @SeededAt),
        ('54f99591-2fde-9a4a-e63d-7f312cf5c6b5', 'fce1d96a-6a07-4559-cff6-dd6efde758ae', '8eb5b59f-79e0-d703-72b1-1155434f0559', N'Auric Anchorage', 678, 83, 40, 41, 16, 19, 0, @SeededAt),
        ('6e91e513-06fb-4631-9a65-e14cc7cb9e5d', 'fce1d96a-6a07-4559-cff6-dd6efde758ae', '8eb5b59f-79e0-d703-72b1-1155434f0559', N'Auric Bastion', 686, 90, 59, 20, 30, 21, 0, @SeededAt),
        ('3f2664e7-602c-b174-e053-4dc15201b3a4', 'fce1d96a-6a07-4559-cff6-dd6efde758ae', '8eb5b59f-79e0-d703-72b1-1155434f0559', N'Auric Beacon', 622, 88, 56, 45, 42, 28, 0, @SeededAt),
        ('8d7dbf4f-86af-28d9-f2bb-4bfb87b3ae0c', 'fce1d96a-6a07-4559-cff6-dd6efde758ae', '8eb5b59f-79e0-d703-72b1-1155434f0559', N'Auric Crossing', 683, 116, 31, 67, 38, 27, 0, @SeededAt),
        ('5cded026-9966-24b9-bd3d-0bc1d3a0e3e1', 'fce1d96a-6a07-4559-cff6-dd6efde758ae', '8eb5b59f-79e0-d703-72b1-1155434f0559', N'Auric Crown', 646, 144, 23, 35, 25, 28, 1, @SeededAt),
        ('f333f8f9-5ad1-4557-c360-195a7a7046a8', 'fce1d96a-6a07-4559-cff6-dd6efde758ae', '8eb5b59f-79e0-d703-72b1-1155434f0559', N'Auric Gate', 608, 112, 84, 36, 38, 31, 0, @SeededAt),
        ('2f4e4aff-f5cd-40a7-01e9-aa035e0056d0', 'fce1d96a-6a07-4559-cff6-dd6efde758ae', '8eb5b59f-79e0-d703-72b1-1155434f0559', N'Auric Haven', 624, 128, 27, 30, 21, 15, 0, @SeededAt),
        ('f569ae2c-0649-ead3-b201-36a2e5792fa9', 'fce1d96a-6a07-4559-cff6-dd6efde758ae', '8eb5b59f-79e0-d703-72b1-1155434f0559', N'Auric Lantern', 666, 67, 46, 58, 59, 44, 1, @SeededAt),
        ('18ed77bf-f26c-c252-a45d-2400ed3a27c0', 'fce1d96a-6a07-4559-cff6-dd6efde758ae', '8eb5b59f-79e0-d703-72b1-1155434f0559', N'Auric Meridian', 702, 103, 84, 29, 24, 27, 0, @SeededAt),
        ('ac37603f-c295-ca2e-f32d-f19be976589c', 'fce1d96a-6a07-4559-cff6-dd6efde758ae', '8eb5b59f-79e0-d703-72b1-1155434f0559', N'Auric Relay', 682, 122, 68, 48, 16, 26, 0, @SeededAt),
        ('92e48f1d-010d-fc73-75c3-70f8e51a9e1e', 'fce1d96a-6a07-4559-cff6-dd6efde758ae', '8eb5b59f-79e0-d703-72b1-1155434f0559', N'Auric Shoal', 600, 95, 84, 70, 29, 36, 0, @SeededAt),
        ('a01f61ec-7031-4551-1071-badabb051eac', 'fce1d96a-6a07-4559-cff6-dd6efde758ae', '8eb5b59f-79e0-d703-72b1-1155434f0559', N'Auric Span', 645, 61, 20, 16, 49, 17, 0, @SeededAt),
        ('11d0c8ba-2b59-4517-c72a-0a8a11006a7d', 'fce1d96a-6a07-4559-cff6-dd6efde758ae', '8eb5b59f-79e0-d703-72b1-1155434f0559', N'Auric Spur', 665, 138, 71, 75, 18, 32, 0, @SeededAt),
        ('41f31214-de3e-9581-cda3-af759b702a8f', 'fce1d96a-6a07-4559-cff6-dd6efde758ae', '8eb5b59f-79e0-d703-72b1-1155434f0559', N'Auric Vault', 625, 74, 20, 51, 22, 18, 0, @SeededAt),
        ('8a439081-d7a3-69d7-3630-1b2e128f2e19', 'fce1d96a-6a07-4559-cff6-dd6efde758ae', '8eb5b59f-79e0-d703-72b1-1155434f0559', N'Auric Watch', 619, 120, 56, 43, 65, 32, 0, @SeededAt),
        ('f2cc3d4a-bcab-2f43-eb60-6952bdb5b6ca', 'fce1d96a-6a07-4559-cff6-dd6efde758ae', '86fc7d8f-8a34-23d1-015f-db42e6d6d247', N'Brightfall', 544, 63, 65, 20, 26, 22, 0, @SeededAt),
        ('0eb178f4-6b05-d301-68b7-137f15c570cd', 'fce1d96a-6a07-4559-cff6-dd6efde758ae', '915e1da0-caa4-8b18-01a3-1aaf4a398e85', N'Cinder Anchorage', 808, 148, 56, 17, 39, 22, 0, @SeededAt),
        ('089f20b7-3331-72bc-a21c-d75d10d1ee48', 'fce1d96a-6a07-4559-cff6-dd6efde758ae', '915e1da0-caa4-8b18-01a3-1aaf4a398e85', N'Cinder Bastion', 825, 151, 70, 72, 30, 34, 0, @SeededAt),
        ('4ffbf280-3e8d-0ddd-db5b-6a5ca002d04c', 'fce1d96a-6a07-4559-cff6-dd6efde758ae', '915e1da0-caa4-8b18-01a3-1aaf4a398e85', N'Cinder Beacon', 746, 179, 69, 16, 39, 24, 0, @SeededAt),
        ('bca3fe79-708c-70a7-e7f6-61fc6d9f800e', 'fce1d96a-6a07-4559-cff6-dd6efde758ae', '915e1da0-caa4-8b18-01a3-1aaf4a398e85', N'Cinder Cairn', 761, 130, 72, 26, 41, 27, 0, @SeededAt),
        ('14474204-afba-bcc6-7be0-030ffd484064', 'fce1d96a-6a07-4559-cff6-dd6efde758ae', '915e1da0-caa4-8b18-01a3-1aaf4a398e85', N'Cinder Crossing', 815, 172, 83, 68, 15, 33, 0, @SeededAt),
        ('28cca37c-4c22-0836-a8f5-547282e2aa4f', 'fce1d96a-6a07-4559-cff6-dd6efde758ae', '915e1da0-caa4-8b18-01a3-1aaf4a398e85', N'Cinder Crown', 798, 196, 59, 29, 31, 23, 0, @SeededAt),
        ('57732e3a-5da6-846f-2a91-08ea7466545d', 'fce1d96a-6a07-4559-cff6-dd6efde758ae', '915e1da0-caa4-8b18-01a3-1aaf4a398e85', N'Cinder Gate', 757, 202, 63, 20, 49, 38, 1, @SeededAt),
        ('327fa8ec-10f4-6cb0-6089-beb3eb7680b1', 'fce1d96a-6a07-4559-cff6-dd6efde758ae', '915e1da0-caa4-8b18-01a3-1aaf4a398e85', N'Cinder Harbour', 737, 155, 44, 23, 58, 25, 0, @SeededAt),
        ('18265c4d-ee47-8989-9680-e61c5a449440', 'fce1d96a-6a07-4559-cff6-dd6efde758ae', '915e1da0-caa4-8b18-01a3-1aaf4a398e85', N'Cinder Haven', 786, 191, 75, 37, 23, 27, 0, @SeededAt),
        ('ccc335bb-f291-047c-1cb0-1c2864e28112', 'fce1d96a-6a07-4559-cff6-dd6efde758ae', '915e1da0-caa4-8b18-01a3-1aaf4a398e85', N'Cinder Lantern', 810, 140, 71, 38, 46, 43, 1, @SeededAt),
        ('db28df9e-f26b-b1fb-edda-e7746189dd4d', 'fce1d96a-6a07-4559-cff6-dd6efde758ae', '915e1da0-caa4-8b18-01a3-1aaf4a398e85', N'Cinder Meridian', 826, 163, 21, 23, 15, 11, 0, @SeededAt),
        ('50bc3bf9-0e68-1d8d-3f62-63c1020d6392', 'fce1d96a-6a07-4559-cff6-dd6efde758ae', '915e1da0-caa4-8b18-01a3-1aaf4a398e85', N'Cinder Needle', 743, 144, 63, 50, 20, 26, 0, @SeededAt),
        ('17cc5a54-6b31-c4f6-e77f-b66d769bb086', 'fce1d96a-6a07-4559-cff6-dd6efde758ae', '915e1da0-caa4-8b18-01a3-1aaf4a398e85', N'Cinder Reach', 766, 133, 62, 54, 37, 30, 0, @SeededAt),
        ('77803f70-36fb-3c2c-0f43-5a23735eec7f', 'fce1d96a-6a07-4559-cff6-dd6efde758ae', '915e1da0-caa4-8b18-01a3-1aaf4a398e85', N'Cinder Relay', 825, 181, 49, 55, 63, 33, 0, @SeededAt),
        ('44203677-b263-d827-1afe-457e2a710c32', 'fce1d96a-6a07-4559-cff6-dd6efde758ae', '915e1da0-caa4-8b18-01a3-1aaf4a398e85', N'Cinder Shoal', 750, 186, 45, 15, 47, 21, 0, @SeededAt),
        ('e3fc8f23-688b-5d1d-2a56-57f6a3ea3314', 'fce1d96a-6a07-4559-cff6-dd6efde758ae', '915e1da0-caa4-8b18-01a3-1aaf4a398e85', N'Cinder Span', 744, 161, 21, 17, 29, 13, 0, @SeededAt),
        ('cfad393b-68d9-3ecf-1bd1-d6afa2ebd612', 'fce1d96a-6a07-4559-cff6-dd6efde758ae', '915e1da0-caa4-8b18-01a3-1aaf4a398e85', N'Cinder Spur', 805, 196, 69, 69, 63, 40, 0, @SeededAt),
        ('34b0abaf-c73e-fcce-6134-6faadab64193', 'fce1d96a-6a07-4559-cff6-dd6efde758ae', '915e1da0-caa4-8b18-01a3-1aaf4a398e85', N'Cinder Station', 793, 129, 67, 44, 20, 26, 0, @SeededAt),
        ('5c818cd9-b3de-1847-2d42-ac2756355102', 'fce1d96a-6a07-4559-cff6-dd6efde758ae', '915e1da0-caa4-8b18-01a3-1aaf4a398e85', N'Cinder Vault', 728, 173, 25, 69, 21, 23, 0, @SeededAt),
        ('f51fa452-6c52-0b38-973f-5c6365074af7', 'fce1d96a-6a07-4559-cff6-dd6efde758ae', '915e1da0-caa4-8b18-01a3-1aaf4a398e85', N'Cinder Wake', 781, 139, 57, 38, 35, 26, 0, @SeededAt),
        ('d13c65c4-8933-8e6d-9aff-e343b941a162', 'fce1d96a-6a07-4559-cff6-dd6efde758ae', '915e1da0-caa4-8b18-01a3-1aaf4a398e85', N'Cinder Watch', 774, 201, 25, 17, 37, 15, 0, @SeededAt),
        ('e99a983c-748a-0a90-09df-ac868b5b3bca', 'fce1d96a-6a07-4559-cff6-dd6efde758ae', '86fc7d8f-8a34-23d1-015f-db42e6d6d247', N'Cinderhome', 542, 75, 23, 61, 15, 19, 0, @SeededAt),
        ('d7059039-3ccb-6a91-b09c-aaeda94a94a4', 'fce1d96a-6a07-4559-cff6-dd6efde758ae', '00c84569-4cb3-3f99-bd4d-5da6c6864883', N'Crimson Anchorage', 339, 644, 28, 27, 56, 22, 0, @SeededAt),
        ('f529de0f-2e42-af44-cd6b-ab74e5777286', 'fce1d96a-6a07-4559-cff6-dd6efde758ae', '00c84569-4cb3-3f99-bd4d-5da6c6864883', N'Crimson Bastion', 331, 632, 51, 18, 10, 15, 0, @SeededAt),
        ('a45c0024-ccd1-c0cd-c063-20a9e7d85ca9', 'fce1d96a-6a07-4559-cff6-dd6efde758ae', '00c84569-4cb3-3f99-bd4d-5da6c6864883', N'Crimson Beacon', 361, 562, 47, 26, 16, 17, 0, @SeededAt),
        ('eef94f62-95c1-8fe2-e5c5-cbfa5a36f04b', 'fce1d96a-6a07-4559-cff6-dd6efde758ae', '00c84569-4cb3-3f99-bd4d-5da6c6864883', N'Crimson Cairn', 402, 605, 60, 29, 26, 23, 0, @SeededAt),
        ('31358662-db0c-6998-8479-d6019d01820c', 'fce1d96a-6a07-4559-cff6-dd6efde758ae', '00c84569-4cb3-3f99-bd4d-5da6c6864883', N'Crimson Crossing', 305, 621, 26, 33, 13, 14, 0, @SeededAt),
        ('6bf7bc3c-4384-a013-ce1d-41704b67777d', 'fce1d96a-6a07-4559-cff6-dd6efde758ae', '00c84569-4cb3-3f99-bd4d-5da6c6864883', N'Crimson Crown', 308, 593, 66, 38, 35, 27, 0, @SeededAt),
        ('f76d6b98-027b-aecd-b037-fa56e0f3c92a', 'fce1d96a-6a07-4559-cff6-dd6efde758ae', '00c84569-4cb3-3f99-bd4d-5da6c6864883', N'Crimson Gate', 337, 578, 77, 47, 52, 47, 1, @SeededAt),
        ('c7a24831-46be-1720-85e8-831fee6de23f', 'fce1d96a-6a07-4559-cff6-dd6efde758ae', '00c84569-4cb3-3f99-bd4d-5da6c6864883', N'Crimson Harbour', 387, 585, 55, 57, 44, 31, 0, @SeededAt),
        ('837f814c-0a1f-31ad-0857-07af1987e96c', 'fce1d96a-6a07-4559-cff6-dd6efde758ae', '00c84569-4cb3-3f99-bd4d-5da6c6864883', N'Crimson Haven', 320, 578, 71, 15, 54, 28, 0, @SeededAt),
        ('9ae9e5c2-77e1-63b2-34f6-4fc843750ce4', 'fce1d96a-6a07-4559-cff6-dd6efde758ae', '00c84569-4cb3-3f99-bd4d-5da6c6864883', N'Crimson Lantern', 352, 635, 47, 32, 43, 24, 0, @SeededAt),
        ('91e4dcf9-e7d9-5811-6ced-b4a37ec694a2', 'fce1d96a-6a07-4559-cff6-dd6efde758ae', '00c84569-4cb3-3f99-bd4d-5da6c6864883', N'Crimson Meridian', 320, 621, 23, 22, 46, 18, 0, @SeededAt),
        ('6fa9987d-0d7e-9c11-c38b-4489f8358dc9', 'fce1d96a-6a07-4559-cff6-dd6efde758ae', '00c84569-4cb3-3f99-bd4d-5da6c6864883', N'Crimson Needle', 389, 595, 42, 29, 33, 20, 0, @SeededAt),
        ('a506b359-e26d-307c-b095-6b965250c8ee', 'fce1d96a-6a07-4559-cff6-dd6efde758ae', '00c84569-4cb3-3f99-bd4d-5da6c6864883', N'Crimson Reach', 383, 614, 73, 51, 64, 37, 0, @SeededAt),
        ('00e5a8d0-7876-ad3d-cb05-e92048a97a6d', 'fce1d96a-6a07-4559-cff6-dd6efde758ae', '00c84569-4cb3-3f99-bd4d-5da6c6864883', N'Crimson Relay', 316, 611, 85, 44, 42, 34, 0, @SeededAt),
        ('25a929a5-d489-46f9-6f74-8c301d0da059', 'fce1d96a-6a07-4559-cff6-dd6efde758ae', '00c84569-4cb3-3f99-bd4d-5da6c6864883', N'Crimson Shoal', 347, 570, 71, 53, 45, 33, 0, @SeededAt),
        ('c445d634-fbff-bf82-013e-adc7f317ea4e', 'fce1d96a-6a07-4559-cff6-dd6efde758ae', '00c84569-4cb3-3f99-bd4d-5da6c6864883', N'Crimson Span', 387, 584, 85, 29, 20, 26, 0, @SeededAt),
        ('306fc1c6-6844-17ad-37d4-322355f6c7bd', 'fce1d96a-6a07-4559-cff6-dd6efde758ae', '00c84569-4cb3-3f99-bd4d-5da6c6864883', N'Crimson Spur', 301, 601, 22, 63, 11, 19, 0, @SeededAt),
        ('076ad1f7-54b3-43ef-c3c4-adbd81feb9eb', 'fce1d96a-6a07-4559-cff6-dd6efde758ae', '00c84569-4cb3-3f99-bd4d-5da6c6864883', N'Crimson Station', 378, 632, 34, 35, 49, 23, 0, @SeededAt),
        ('d2885f90-5d01-2989-4fa8-0e48e06d3138', 'fce1d96a-6a07-4559-cff6-dd6efde758ae', '00c84569-4cb3-3f99-bd4d-5da6c6864883', N'Crimson Vault', 367, 575, 35, 18, 16, 13, 0, @SeededAt),
        ('d26130d1-f0d8-ca94-812d-e078687bfe7e', 'fce1d96a-6a07-4559-cff6-dd6efde758ae', '00c84569-4cb3-3f99-bd4d-5da6c6864883', N'Crimson Wake', 388, 628, 22, 39, 40, 20, 0, @SeededAt),
        ('12643cf0-4d9c-ddf1-0a88-6a00ad5d598e', 'fce1d96a-6a07-4559-cff6-dd6efde758ae', '00c84569-4cb3-3f99-bd4d-5da6c6864883', N'Crimson Watch', 318, 573, 48, 59, 63, 34, 0, @SeededAt),
        ('424f5b70-5683-0380-b628-cabfffa97abf', 'fce1d96a-6a07-4559-cff6-dd6efde758ae', '86fc7d8f-8a34-23d1-015f-db42e6d6d247', N'Dawnward', 539, 87, 72, 66, 37, 35, 0, @SeededAt),
        ('8c97824d-b830-09c2-3bbb-4a16d2df6678', 'fce1d96a-6a07-4559-cff6-dd6efde758ae', '86fc7d8f-8a34-23d1-015f-db42e6d6d247', N'Ebon Strait', 546, 97, 69, 61, 33, 32, 0, @SeededAt),
        ('615f506c-204a-2cc4-d0c5-487592a3493a', 'fce1d96a-6a07-4559-cff6-dd6efde758ae', '6ec053bd-6b72-990e-85f7-4a384fc8039c', N'Glass Anchorage', 908, 245, 75, 35, 44, 30, 0, @SeededAt),
        ('9ea5b9c8-7a18-7e26-4049-10b89590c7ef', 'fce1d96a-6a07-4559-cff6-dd6efde758ae', '6ec053bd-6b72-990e-85f7-4a384fc8039c', N'Glass Bastion', 923, 263, 81, 15, 13, 21, 0, @SeededAt),
        ('46620d16-a314-b436-3a5a-2effe005b348', 'fce1d96a-6a07-4559-cff6-dd6efde758ae', '6ec053bd-6b72-990e-85f7-4a384fc8039c', N'Glass Beacon', 857, 228, 24, 28, 55, 21, 0, @SeededAt),
        ('2f30e260-f23e-308a-4ccd-823498201cdc', 'fce1d96a-6a07-4559-cff6-dd6efde758ae', '6ec053bd-6b72-990e-85f7-4a384fc8039c', N'Glass Crossing', 901, 272, 47, 26, 27, 20, 0, @SeededAt),
        ('d0d5899b-6cee-c82d-41ac-27ef7cfbacaf', 'fce1d96a-6a07-4559-cff6-dd6efde758ae', '6ec053bd-6b72-990e-85f7-4a384fc8039c', N'Glass Crown', 856, 287, 54, 26, 44, 24, 0, @SeededAt),
        ('c877620b-0870-bc16-e81e-4cb92ab57f4a', 'fce1d96a-6a07-4559-cff6-dd6efde758ae', '6ec053bd-6b72-990e-85f7-4a384fc8039c', N'Glass Gate', 834, 241, 54, 68, 30, 30, 0, @SeededAt),
        ('649d373b-1074-fce8-7dc7-8ad3ddf0ca3c', 'fce1d96a-6a07-4559-cff6-dd6efde758ae', '6ec053bd-6b72-990e-85f7-4a384fc8039c', N'Glass Haven', 831, 268, 77, 25, 35, 39, 1, @SeededAt),
        ('9c9caea1-0197-42a3-d01e-2d9cfb5ada11', 'fce1d96a-6a07-4559-cff6-dd6efde758ae', '6ec053bd-6b72-990e-85f7-4a384fc8039c', N'Glass Lantern', 908, 236, 44, 16, 59, 35, 1, @SeededAt),
        ('180cdae3-af5b-b9a7-eddd-104a7df630bc', 'fce1d96a-6a07-4559-cff6-dd6efde758ae', '86fc7d8f-8a34-23d1-015f-db42e6d6d247', N'Glass Meridian', 523, 114, 58, 72, 19, 29, 0, @SeededAt),
        ('9e169ed1-fcb1-cc8f-6393-c71cfde47a7b', 'fce1d96a-6a07-4559-cff6-dd6efde758ae', '6ec053bd-6b72-990e-85f7-4a384fc8039c', N'Glass Relay', 890, 277, 67, 23, 21, 22, 0, @SeededAt),
        ('f736004c-178c-ed73-4236-059b211967a7', 'fce1d96a-6a07-4559-cff6-dd6efde758ae', '6ec053bd-6b72-990e-85f7-4a384fc8039c', N'Glass Shoal', 832, 229, 24, 58, 42, 24, 0, @SeededAt),
        ('4a883b6a-01a0-ab1a-702f-eb1fd42a7a79', 'fce1d96a-6a07-4559-cff6-dd6efde758ae', '6ec053bd-6b72-990e-85f7-4a384fc8039c', N'Glass Span', 894, 215, 58, 53, 19, 26, 0, @SeededAt),
        ('58678c36-0d4f-c6f8-5b67-994eafd7003f', 'fce1d96a-6a07-4559-cff6-dd6efde758ae', '6ec053bd-6b72-990e-85f7-4a384fc8039c', N'Glass Spur', 870, 291, 60, 33, 57, 30, 0, @SeededAt),
        ('6f34194a-77a0-63f6-02e7-f3f4ea12f752', 'fce1d96a-6a07-4559-cff6-dd6efde758ae', '6ec053bd-6b72-990e-85f7-4a384fc8039c', N'Glass Vault', 874, 216, 74, 26, 10, 22, 0, @SeededAt),
        ('c138f03f-6ac7-2992-6842-672e0707b7c5', 'fce1d96a-6a07-4559-cff6-dd6efde758ae', '6ec053bd-6b72-990e-85f7-4a384fc8039c', N'Glass Watch', 831, 258, 44, 41, 12, 19, 0, @SeededAt),
        ('8da7a290-9ee2-ba80-a195-f04756a7559b', 'fce1d96a-6a07-4559-cff6-dd6efde758ae', 'b84cd9d4-2e34-3eb8-dda3-1ee7bf287265', N'Hollow Anchorage', 945, 352, 84, 40, 19, 28, 0, @SeededAt),
        ('5f1619ba-29b3-a376-838e-432d313f4222', 'fce1d96a-6a07-4559-cff6-dd6efde758ae', 'b84cd9d4-2e34-3eb8-dda3-1ee7bf287265', N'Hollow Bastion', 945, 365, 52, 37, 61, 30, 0, @SeededAt),
        ('14adec8c-61f9-4e9b-325c-db0e5ff2f6d8', 'fce1d96a-6a07-4559-cff6-dd6efde758ae', 'b84cd9d4-2e34-3eb8-dda3-1ee7bf287265', N'Hollow Beacon', 870, 333, 60, 40, 12, 22, 0, @SeededAt),
        ('d14a0f17-6559-6b36-e313-6c44627827f4', 'fce1d96a-6a07-4559-cff6-dd6efde758ae', 'b84cd9d4-2e34-3eb8-dda3-1ee7bf287265', N'Hollow Cairn', 927, 323, 26, 56, 31, 22, 0, @SeededAt),
        ('adb49e1a-ae7d-719c-fecb-e217f3735af7', 'fce1d96a-6a07-4559-cff6-dd6efde758ae', 'b84cd9d4-2e34-3eb8-dda3-1ee7bf287265', N'Hollow Crossing', 921, 380, 79, 60, 29, 33, 0, @SeededAt),
        ('096ca0bb-ec58-e9ed-0829-355c5c326499', 'fce1d96a-6a07-4559-cff6-dd6efde758ae', '86fc7d8f-8a34-23d1-015f-db42e6d6d247', N'Hollow Crown', 516, 116, 74, 41, 46, 32, 0, @SeededAt),
        ('c408602e-6246-c06a-d70f-1d1100b4ba51', 'fce1d96a-6a07-4559-cff6-dd6efde758ae', 'b84cd9d4-2e34-3eb8-dda3-1ee7bf287265', N'Hollow Gate', 852, 356, 35, 45, 30, 22, 0, @SeededAt),
        ('b69bd5f1-2ef8-a756-c6f9-15ce07c9f200', 'fce1d96a-6a07-4559-cff6-dd6efde758ae', 'b84cd9d4-2e34-3eb8-dda3-1ee7bf287265', N'Hollow Harbour', 906, 324, 22, 23, 48, 18, 0, @SeededAt),
        ('5a84bb49-55b8-d010-205a-b05023cfec4e', 'fce1d96a-6a07-4559-cff6-dd6efde758ae', 'b84cd9d4-2e34-3eb8-dda3-1ee7bf287265', N'Hollow Haven', 867, 371, 40, 54, 27, 24, 0, @SeededAt),
        ('65a5d9dc-6bce-adc8-f783-6854b2306f2f', 'fce1d96a-6a07-4559-cff6-dd6efde758ae', 'b84cd9d4-2e34-3eb8-dda3-1ee7bf287265', N'Hollow Lantern', 935, 341, 67, 29, 16, 34, 1, @SeededAt),
        ('0547ce2e-cef4-d1c2-3c5a-bccfaa9c0659', 'fce1d96a-6a07-4559-cff6-dd6efde758ae', 'b84cd9d4-2e34-3eb8-dda3-1ee7bf287265', N'Hollow Meridian', 925, 368, 66, 24, 51, 28, 0, @SeededAt),
        ('5fb455e2-a46e-7b65-7b6c-a7815680f42e', 'fce1d96a-6a07-4559-cff6-dd6efde758ae', 'b84cd9d4-2e34-3eb8-dda3-1ee7bf287265', N'Hollow Needle', 924, 319, 28, 55, 49, 26, 0, @SeededAt),
        ('23ed4ed3-596e-3001-bcb7-cc27408ed3ed', 'fce1d96a-6a07-4559-cff6-dd6efde758ae', 'b84cd9d4-2e34-3eb8-dda3-1ee7bf287265', N'Hollow Relay', 902, 392, 50, 16, 65, 26, 0, @SeededAt),
        ('33428d50-70e7-bb24-7578-82851d28abc5', 'fce1d96a-6a07-4559-cff6-dd6efde758ae', 'b84cd9d4-2e34-3eb8-dda3-1ee7bf287265', N'Hollow Shoal', 855, 344, 36, 27, 25, 17, 0, @SeededAt),
        ('c0559a14-414e-4313-7fe0-372349723f8f', 'fce1d96a-6a07-4559-cff6-dd6efde758ae', 'b84cd9d4-2e34-3eb8-dda3-1ee7bf287265', N'Hollow Span', 891, 315, 70, 20, 57, 29, 0, @SeededAt),
        ('eb912f42-70a6-5304-3a29-8d94632cb2ae', 'fce1d96a-6a07-4559-cff6-dd6efde758ae', 'b84cd9d4-2e34-3eb8-dda3-1ee7bf287265', N'Hollow Spur', 888, 380, 44, 57, 34, 27, 0, @SeededAt),
        ('28b614b5-8e81-4e88-c029-e935aeda812e', 'fce1d96a-6a07-4559-cff6-dd6efde758ae', 'b84cd9d4-2e34-3eb8-dda3-1ee7bf287265', N'Hollow Vault', 870, 316, 58, 72, 40, 34, 0, @SeededAt),
        ('23fcce49-5ffb-57e2-d243-9d239a8df7b8', 'fce1d96a-6a07-4559-cff6-dd6efde758ae', 'b84cd9d4-2e34-3eb8-dda3-1ee7bf287265', N'Hollow Watch', 869, 369, 25, 59, 63, 41, 1, @SeededAt),
        ('3301470b-85f5-971f-f606-11ca73266b54', 'fce1d96a-6a07-4559-cff6-dd6efde758ae', 'e09df2ab-fecd-ba86-959b-c986b7014e87', N'Juniper Anchorage', 912, 470, 42, 51, 39, 26, 0, @SeededAt),
        ('db9438c9-0c40-41f8-1c9b-ea28e911b6f8', 'fce1d96a-6a07-4559-cff6-dd6efde758ae', 'e09df2ab-fecd-ba86-959b-c986b7014e87', N'Juniper Bastion', 895, 475, 72, 58, 25, 31, 0, @SeededAt),
        ('341f78fa-e9d2-6161-ee0c-525da2b4aa98', 'fce1d96a-6a07-4559-cff6-dd6efde758ae', 'e09df2ab-fecd-ba86-959b-c986b7014e87', N'Juniper Beacon', 821, 435, 84, 71, 46, 40, 0, @SeededAt),
        ('fcb72112-5d5e-821f-ba10-7318d0f0482b', 'fce1d96a-6a07-4559-cff6-dd6efde758ae', 'e09df2ab-fecd-ba86-959b-c986b7014e87', N'Juniper Cairn', 892, 437, 35, 36, 50, 24, 0, @SeededAt),
        ('d2816f38-0bf2-79a3-e095-8d4f5ee27baf', 'fce1d96a-6a07-4559-cff6-dd6efde758ae', 'e09df2ab-fecd-ba86-959b-c986b7014e87', N'Juniper Crossing', 879, 496, 85, 75, 25, 37, 0, @SeededAt),
        ('97d67aaf-b8d4-0ba0-085f-833f8c61eaf4', 'fce1d96a-6a07-4559-cff6-dd6efde758ae', 'e09df2ab-fecd-ba86-959b-c986b7014e87', N'Juniper Crown', 836, 485, 50, 69, 21, 28, 0, @SeededAt),
        ('6de24303-2aee-afdf-9680-de9068536e42', 'fce1d96a-6a07-4559-cff6-dd6efde758ae', 'e09df2ab-fecd-ba86-959b-c986b7014e87', N'Juniper Gate', 824, 459, 32, 30, 25, 29, 1, @SeededAt),
        ('a8ddedfa-4646-c088-c60b-2c788c7b8d7e', 'fce1d96a-6a07-4559-cff6-dd6efde758ae', 'e09df2ab-fecd-ba86-959b-c986b7014e87', N'Juniper Harbour', 861, 417, 40, 29, 54, 24, 0, @SeededAt),
        ('410ca5ba-bddc-82ce-7981-e67ba8908492', 'fce1d96a-6a07-4559-cff6-dd6efde758ae', 'e09df2ab-fecd-ba86-959b-c986b7014e87', N'Juniper Haven', 833, 483, 70, 25, 58, 30, 0, @SeededAt),
        ('efe073f9-024f-02a4-3717-3463c38e84cc', 'fce1d96a-6a07-4559-cff6-dd6efde758ae', 'e09df2ab-fecd-ba86-959b-c986b7014e87', N'Juniper Lantern', 897, 457, 84, 15, 21, 36, 1, @SeededAt),
        ('65124e1e-c726-823c-3738-47cb31de03c8', 'fce1d96a-6a07-4559-cff6-dd6efde758ae', 'e09df2ab-fecd-ba86-959b-c986b7014e87', N'Juniper Meridian', 887, 480, 65, 53, 52, 34, 0, @SeededAt),
        ('2f2dca3b-0375-ff55-8702-593461955cd9', 'fce1d96a-6a07-4559-cff6-dd6efde758ae', 'e09df2ab-fecd-ba86-959b-c986b7014e87', N'Juniper Needle', 873, 423, 37, 64, 58, 31, 0, @SeededAt),
        ('e2a7b5ee-f1ab-64bd-1e6b-1413d80ac87b', 'fce1d96a-6a07-4559-cff6-dd6efde758ae', 'e09df2ab-fecd-ba86-959b-c986b7014e87', N'Juniper Reach', 891, 437, 58, 20, 63, 28, 0, @SeededAt),
        ('519fb8e3-bdb7-9560-f928-3bf8c148aab0', 'fce1d96a-6a07-4559-cff6-dd6efde758ae', 'e09df2ab-fecd-ba86-959b-c986b7014e87', N'Juniper Relay', 863, 496, 20, 67, 45, 26, 0, @SeededAt),
        ('089e2367-466d-ed25-657e-a974c93ab93a', 'fce1d96a-6a07-4559-cff6-dd6efde758ae', '86fc7d8f-8a34-23d1-015f-db42e6d6d247', N'Juniper Rift', 500, 108, 75, 36, 35, 41, 1, @SeededAt),
        ('855e0b59-9afc-6197-efe6-43f9ca534a90', 'fce1d96a-6a07-4559-cff6-dd6efde758ae', 'e09df2ab-fecd-ba86-959b-c986b7014e87', N'Juniper Shoal', 820, 447, 42, 20, 19, 16, 0, @SeededAt),
        ('3cab4164-0978-1930-eb55-ab5e85e3fd9d', 'fce1d96a-6a07-4559-cff6-dd6efde758ae', 'e09df2ab-fecd-ba86-959b-c986b7014e87', N'Juniper Span', 845, 430, 46, 50, 53, 29, 0, @SeededAt),
        ('dd914c58-0be7-a4f0-67e6-214bdfb041a7', 'fce1d96a-6a07-4559-cff6-dd6efde758ae', 'e09df2ab-fecd-ba86-959b-c986b7014e87', N'Juniper Spur', 848, 483, 81, 25, 42, 29, 0, @SeededAt),
        ('09b85b35-e5b4-2c11-fb9f-f5eb621f1aa1', 'fce1d96a-6a07-4559-cff6-dd6efde758ae', 'e09df2ab-fecd-ba86-959b-c986b7014e87', N'Juniper Vault', 841, 435, 57, 41, 30, 25, 0, @SeededAt),
        ('400b0913-7b7f-ffc5-9170-b002d637f3d5', 'fce1d96a-6a07-4559-cff6-dd6efde758ae', 'e09df2ab-fecd-ba86-959b-c986b7014e87', N'Juniper Wake', 906, 444, 68, 67, 31, 33, 0, @SeededAt),
        ('b8b0ef4a-d962-881a-e9f8-4762ac8ba30a', 'fce1d96a-6a07-4559-cff6-dd6efde758ae', 'e09df2ab-fecd-ba86-959b-c986b7014e87', N'Juniper Watch', 812, 469, 73, 56, 56, 37, 0, @SeededAt),
        ('5d47d4d9-58b8-d951-a8a2-ad806163fa8e', 'fce1d96a-6a07-4559-cff6-dd6efde758ae', '86fc7d8f-8a34-23d1-015f-db42e6d6d247', N'Keystone', 488, 114, 44, 21, 18, 16, 0, @SeededAt),
        ('8301c8ad-0cb2-428d-6902-f46f9918f43b', 'fce1d96a-6a07-4559-cff6-dd6efde758ae', '86fc7d8f-8a34-23d1-015f-db42e6d6d247', N'Lacuna', 466, 114, 59, 59, 29, 29, 0, @SeededAt),
        ('45f04306-dc14-1cb0-e4de-a8b16ee6fe3a', 'fce1d96a-6a07-4559-cff6-dd6efde758ae', '6b50b2c7-5c67-8f7c-e987-d8707a7a75f4', N'Lacuna Anchorage', 783, 565, 60, 35, 26, 24, 0, @SeededAt),
        ('2b890aab-e0ed-ecde-abe5-752e5fb36720', 'fce1d96a-6a07-4559-cff6-dd6efde758ae', '6b50b2c7-5c67-8f7c-e987-d8707a7a75f4', N'Lacuna Bastion', 761, 574, 79, 29, 27, 27, 0, @SeededAt),
        ('21096f6a-4553-7740-4a94-9dbba3f980de', 'fce1d96a-6a07-4559-cff6-dd6efde758ae', '6b50b2c7-5c67-8f7c-e987-d8707a7a75f4', N'Lacuna Crossing', 739, 547, 33, 74, 56, 32, 0, @SeededAt),
        ('29a88718-cff0-2046-98a2-9a566eae3b78', 'fce1d96a-6a07-4559-cff6-dd6efde758ae', '6b50b2c7-5c67-8f7c-e987-d8707a7a75f4', N'Lacuna Crown', 765, 503, 27, 55, 26, 21, 0, @SeededAt),
        ('49e8c084-dff6-68bb-94d0-cbd4830bc9be', 'fce1d96a-6a07-4559-cff6-dd6efde758ae', '6b50b2c7-5c67-8f7c-e987-d8707a7a75f4', N'Lacuna Gate', 825, 530, 51, 45, 45, 28, 0, @SeededAt),
        ('e3d9ff81-245a-14e6-2093-c9da47f6d704', 'fce1d96a-6a07-4559-cff6-dd6efde758ae', '6b50b2c7-5c67-8f7c-e987-d8707a7a75f4', N'Lacuna Haven', 789, 514, 58, 65, 27, 30, 0, @SeededAt),
        ('75a47ed9-1e2c-8f37-0c48-e076f9c4c653', 'fce1d96a-6a07-4559-cff6-dd6efde758ae', '6b50b2c7-5c67-8f7c-e987-d8707a7a75f4', N'Lacuna Lantern', 811, 565, 23, 54, 15, 18, 0, @SeededAt),
        ('8f47fcf7-a6a5-72ea-b902-3eb649842f7e', 'fce1d96a-6a07-4559-cff6-dd6efde758ae', '6b50b2c7-5c67-8f7c-e987-d8707a7a75f4', N'Lacuna Meridian', 742, 569, 82, 31, 29, 28, 0, @SeededAt),
        ('d8284f74-d6b9-c16e-8780-a24e86cce604', 'fce1d96a-6a07-4559-cff6-dd6efde758ae', '6b50b2c7-5c67-8f7c-e987-d8707a7a75f4', N'Lacuna Relay', 724, 532, 34, 39, 51, 36, 1, @SeededAt),
        ('caa806bf-33e7-079a-55eb-fb48855bedc6', 'fce1d96a-6a07-4559-cff6-dd6efde758ae', '6b50b2c7-5c67-8f7c-e987-d8707a7a75f4', N'Lacuna Spur', 749, 511, 43, 37, 41, 24, 0, @SeededAt),
        ('b107f4c8-1649-ee7b-70bd-06c99e9a448e', 'fce1d96a-6a07-4559-cff6-dd6efde758ae', '6b50b2c7-5c67-8f7c-e987-d8707a7a75f4', N'Lacuna Watch', 800, 518, 43, 28, 23, 18, 0, @SeededAt),
        ('577d03e5-f176-f2cd-ea2c-49db50a9e561', 'fce1d96a-6a07-4559-cff6-dd6efde758ae', '5ffe5d3a-f365-a5e0-227c-c5466dca4028', N'Mourn Anchorage', 662, 630, 83, 20, 59, 32, 0, @SeededAt),
        ('480d8a5e-b8a0-776b-cb77-d75ae8b1bedc', 'fce1d96a-6a07-4559-cff6-dd6efde758ae', '5ffe5d3a-f365-a5e0-227c-c5466dca4028', N'Mourn Bastion', 649, 643, 53, 23, 41, 23, 0, @SeededAt),
        ('6aba0610-50e1-d2c1-5eee-b6ec948e670c', 'fce1d96a-6a07-4559-cff6-dd6efde758ae', '5ffe5d3a-f365-a5e0-227c-c5466dca4028', N'Mourn Beacon', 659, 571, 23, 30, 62, 23, 0, @SeededAt),
        ('4460839a-560c-dbe2-1581-01ac50822553', 'fce1d96a-6a07-4559-cff6-dd6efde758ae', '5ffe5d3a-f365-a5e0-227c-c5466dca4028', N'Mourn Cairn', 692, 613, 67, 24, 38, 25, 0, @SeededAt),
        ('a53bc3d7-7ffd-8914-e5c7-d543d1bb82c8', 'fce1d96a-6a07-4559-cff6-dd6efde758ae', '5ffe5d3a-f365-a5e0-227c-c5466dca4028', N'Mourn Crossing', 621, 622, 68, 43, 25, 27, 0, @SeededAt),
        ('2e2da869-9775-b354-212d-09b7f8e14161', 'fce1d96a-6a07-4559-cff6-dd6efde758ae', '5ffe5d3a-f365-a5e0-227c-c5466dca4028', N'Mourn Crown', 598, 599, 26, 50, 37, 22, 0, @SeededAt),
        ('f7f7ea77-924e-d573-aec5-71f84ed41d98', 'fce1d96a-6a07-4559-cff6-dd6efde758ae', '5ffe5d3a-f365-a5e0-227c-c5466dca4028', N'Mourn Gate', 626, 567, 74, 69, 20, 32, 0, @SeededAt),
        ('73633e27-c46b-3495-b612-e42491231812', 'fce1d96a-6a07-4559-cff6-dd6efde758ae', '5ffe5d3a-f365-a5e0-227c-c5466dca4028', N'Mourn Harbour', 699, 592, 35, 36, 17, 17, 0, @SeededAt),
        ('76e9249e-c4c3-de34-2ac0-2103651399e7', 'fce1d96a-6a07-4559-cff6-dd6efde758ae', '5ffe5d3a-f365-a5e0-227c-c5466dca4028', N'Mourn Haven', 613, 591, 72, 35, 63, 46, 1, @SeededAt),
        ('0b59fdf8-03ec-1b70-f11a-0f0c4ee32aa4', 'fce1d96a-6a07-4559-cff6-dd6efde758ae', '5ffe5d3a-f365-a5e0-227c-c5466dca4028', N'Mourn Lantern', 676, 624, 75, 29, 10, 22, 0, @SeededAt),
        ('46d27969-3b8c-07ba-b8a7-69a6f2fc1e81', 'fce1d96a-6a07-4559-cff6-dd6efde758ae', '5ffe5d3a-f365-a5e0-227c-c5466dca4028', N'Mourn Meridian', 637, 636, 73, 47, 61, 36, 0, @SeededAt),
        ('f508727a-7fd1-4b4c-53f5-7cbca505044b', 'fce1d96a-6a07-4559-cff6-dd6efde758ae', '5ffe5d3a-f365-a5e0-227c-c5466dca4028', N'Mourn Needle', 688, 600, 38, 17, 42, 19, 0, @SeededAt),
        ('9d281e0e-5b87-89c0-1c08-9abd756af04d', 'fce1d96a-6a07-4559-cff6-dd6efde758ae', '5ffe5d3a-f365-a5e0-227c-c5466dca4028', N'Mourn Relay', 608, 620, 31, 60, 61, 30, 0, @SeededAt),
        ('98e40e90-1d9c-cff5-b683-c8ef65b857a1', 'fce1d96a-6a07-4559-cff6-dd6efde758ae', '5ffe5d3a-f365-a5e0-227c-c5466dca4028', N'Mourn Shoal', 645, 575, 69, 44, 13, 25, 0, @SeededAt),
        ('61bb60df-c53d-bb54-caef-7265e497331b', 'fce1d96a-6a07-4559-cff6-dd6efde758ae', '5ffe5d3a-f365-a5e0-227c-c5466dca4028', N'Mourn Span', 677, 579, 35, 24, 45, 20, 0, @SeededAt),
        ('0cf2206c-3121-bead-603e-732d65afb45a', 'fce1d96a-6a07-4559-cff6-dd6efde758ae', '5ffe5d3a-f365-a5e0-227c-c5466dca4028', N'Mourn Spur', 616, 611, 22, 20, 60, 20, 0, @SeededAt),
        ('f787e061-2e28-8063-f709-2dd5bf5e490b', 'fce1d96a-6a07-4559-cff6-dd6efde758ae', '5ffe5d3a-f365-a5e0-227c-c5466dca4028', N'Mourn Vault', 673, 566, 36, 31, 19, 17, 0, @SeededAt),
        ('46447763-fae6-884f-0010-b97234b55511', 'fce1d96a-6a07-4559-cff6-dd6efde758ae', '5ffe5d3a-f365-a5e0-227c-c5466dca4028', N'Mourn Watch', 621, 575, 71, 26, 61, 31, 0, @SeededAt),
        ('47ff018b-90ae-f7fb-0948-0f773b0664e0', 'fce1d96a-6a07-4559-cff6-dd6efde758ae', '86fc7d8f-8a34-23d1-015f-db42e6d6d247', N'Mournstar', 466, 98, 26, 54, 60, 28, 0, @SeededAt),
        ('fdc04d05-ccf9-5225-f715-fbd36721dc6b', 'fce1d96a-6a07-4559-cff6-dd6efde758ae', '86fc7d8f-8a34-23d1-015f-db42e6d6d247', N'Nadir Crossing', 468, 61, 50, 55, 41, 29, 0, @SeededAt),
        ('bccc11f4-1ff6-fd7a-21c0-9a32c1510531', 'fce1d96a-6a07-4559-cff6-dd6efde758ae', '86fc7d8f-8a34-23d1-015f-db42e6d6d247', N'Orison', 459, 87, 79, 55, 62, 39, 0, @SeededAt),
        ('ec2b9806-1597-2aaa-01e8-1af5cb7a1969', 'fce1d96a-6a07-4559-cff6-dd6efde758ae', '8ee239a2-6be6-3762-cd7c-e25574b5eb37', N'Orison Anchorage', 510, 645, 67, 41, 19, 25, 0, @SeededAt),
        ('d06e0f55-cf69-0e50-a169-eb0188aab583', 'fce1d96a-6a07-4559-cff6-dd6efde758ae', '8ee239a2-6be6-3762-cd7c-e25574b5eb37', N'Orison Bastion', 494, 657, 36, 38, 25, 19, 0, @SeededAt),
        ('85f9604d-be58-3de7-922c-d96f09e70df9', 'fce1d96a-6a07-4559-cff6-dd6efde758ae', '8ee239a2-6be6-3762-cd7c-e25574b5eb37', N'Orison Beacon', 529, 603, 71, 26, 30, 25, 0, @SeededAt),
        ('ab234ec8-288b-1226-4129-5aa02c03d769', 'fce1d96a-6a07-4559-cff6-dd6efde758ae', '8ee239a2-6be6-3762-cd7c-e25574b5eb37', N'Orison Crossing', 472, 637, 55, 36, 59, 30, 0, @SeededAt),
        ('104349f2-cb9f-63fe-f954-6c8c88bb7904', 'fce1d96a-6a07-4559-cff6-dd6efde758ae', '8ee239a2-6be6-3762-cd7c-e25574b5eb37', N'Orison Crown', 464, 602, 27, 39, 61, 25, 0, @SeededAt),
        ('3cb215d2-641d-822b-aa44-0a46c634ac7e', 'fce1d96a-6a07-4559-cff6-dd6efde758ae', '8ee239a2-6be6-3762-cd7c-e25574b5eb37', N'Orison Gate', 506, 578, 54, 60, 18, 26, 0, @SeededAt),
        ('8ebce10a-a9ea-e8b2-7d60-a7812e66bd3c', 'fce1d96a-6a07-4559-cff6-dd6efde758ae', '8ee239a2-6be6-3762-cd7c-e25574b5eb37', N'Orison Harbour', 538, 634, 23, 51, 13, 17, 0, @SeededAt),
        ('dedcc523-d7c8-8cf7-4552-69a99082cce1', 'fce1d96a-6a07-4559-cff6-dd6efde758ae', '8ee239a2-6be6-3762-cd7c-e25574b5eb37', N'Orison Haven', 468, 599, 47, 41, 35, 36, 1, @SeededAt),
        ('ff8d8dc2-fe47-c40e-5f88-53824366878b', 'fce1d96a-6a07-4559-cff6-dd6efde758ae', '8ee239a2-6be6-3762-cd7c-e25574b5eb37', N'Orison Lantern', 533, 646, 62, 45, 56, 44, 1, @SeededAt),
        ('e3729e37-963b-f2e8-1d62-6e81e72ad755', 'fce1d96a-6a07-4559-cff6-dd6efde758ae', '8ee239a2-6be6-3762-cd7c-e25574b5eb37', N'Orison Meridian', 476, 655, 34, 19, 43, 19, 0, @SeededAt),
        ('7cd0f35f-c0ba-a975-c18c-d89517804dc8', 'fce1d96a-6a07-4559-cff6-dd6efde758ae', '8ee239a2-6be6-3762-cd7c-e25574b5eb37', N'Orison Relay', 450, 628, 83, 16, 24, 24, 0, @SeededAt),
        ('a7ecb61a-1ba4-edd2-a793-0eb177861a81', 'fce1d96a-6a07-4559-cff6-dd6efde758ae', '8ee239a2-6be6-3762-cd7c-e25574b5eb37', N'Orison Shoal', 522, 593, 40, 32, 63, 27, 0, @SeededAt),
        ('6bf2bbcf-7699-9d4e-b9ed-8fea9936cd5b', 'fce1d96a-6a07-4559-cff6-dd6efde758ae', '8ee239a2-6be6-3762-cd7c-e25574b5eb37', N'Orison Span', 538, 625, 57, 31, 17, 21, 0, @SeededAt),
        ('4e263b99-0150-19f0-986d-5b08e88c938e', 'fce1d96a-6a07-4559-cff6-dd6efde758ae', '8ee239a2-6be6-3762-cd7c-e25574b5eb37', N'Orison Spur', 460, 615, 70, 75, 24, 33, 0, @SeededAt),
        ('38107df5-ef20-692d-b25d-38a655763bc1', 'fce1d96a-6a07-4559-cff6-dd6efde758ae', '8ee239a2-6be6-3762-cd7c-e25574b5eb37', N'Orison Vault', 551, 610, 56, 70, 38, 32, 0, @SeededAt),
        ('1440873b-8960-c584-b0e3-f7e7ec772e34', 'fce1d96a-6a07-4559-cff6-dd6efde758ae', '8ee239a2-6be6-3762-cd7c-e25574b5eb37', N'Orison Watch', 491, 587, 72, 61, 34, 33, 0, @SeededAt),
        ('5426c7cc-7083-d00c-cc6d-cc774971c5ba', 'fce1d96a-6a07-4559-cff6-dd6efde758ae', '86fc7d8f-8a34-23d1-015f-db42e6d6d247', N'Pale Harbour', 470, 62, 50, 21, 16, 17, 0, @SeededAt),
        ('1a8f946c-45c9-a901-bca5-89e5b2ca50c5', 'fce1d96a-6a07-4559-cff6-dd6efde758ae', '86fc7d8f-8a34-23d1-015f-db42e6d6d247', N'Pseudopolis', 523, 62, 22, 15, 62, 19, 0, @SeededAt),
        ('07bb40b7-3511-69af-4161-e26a5e01cf18', 'fce1d96a-6a07-4559-cff6-dd6efde758ae', '86fc7d8f-8a34-23d1-015f-db42e6d6d247', N'Quietus', 449, 75, 59, 37, 10, 21, 0, @SeededAt),
        ('78661251-ed22-74a0-d4bf-16c65b07269a', 'fce1d96a-6a07-4559-cff6-dd6efde758ae', '00c84569-4cb3-3f99-bd4d-5da6c6864883', N'Red Lattice', 366, 628, 76, 66, 23, 45, 1, @SeededAt),
        ('8c51b96a-26ae-3598-0044-aa107e451c03', 'fce1d96a-6a07-4559-cff6-dd6efde758ae', 'af16be25-d5f7-7d95-5c3c-8b1edba3f33b', N'Sable Anchorage', 184, 565, 85, 64, 65, 42, 0, @SeededAt),
        ('c3c2e12e-5af9-a84b-45cc-077707fe4b5c', 'fce1d96a-6a07-4559-cff6-dd6efde758ae', 'af16be25-d5f7-7d95-5c3c-8b1edba3f33b', N'Sable Bastion', 190, 546, 29, 63, 49, 28, 0, @SeededAt),
        ('582d689d-c8cd-77c4-95cf-a673db56d9fe', 'fce1d96a-6a07-4559-cff6-dd6efde758ae', 'af16be25-d5f7-7d95-5c3c-8b1edba3f33b', N'Sable Crossing', 195, 512, 59, 65, 58, 36, 0, @SeededAt),
        ('2d370dfc-5568-b825-598f-991f9be4c5e9', 'fce1d96a-6a07-4559-cff6-dd6efde758ae', 'af16be25-d5f7-7d95-5c3c-8b1edba3f33b', N'Sable Crown', 248, 514, 80, 71, 36, 37, 0, @SeededAt),
        ('12227783-a2a8-35eb-4892-db46933d62f5', 'fce1d96a-6a07-4559-cff6-dd6efde758ae', 'af16be25-d5f7-7d95-5c3c-8b1edba3f33b', N'Sable Gate', 255, 557, 21, 36, 16, 14, 0, @SeededAt),
        ('d0c1cfc1-bedd-804c-3dec-8f3141fc87ab', 'fce1d96a-6a07-4559-cff6-dd6efde758ae', 'af16be25-d5f7-7d95-5c3c-8b1edba3f33b', N'Sable Haven', 267, 526, 72, 66, 39, 35, 0, @SeededAt),
        ('9436767c-b2fd-0e3c-34ca-2181b42ad8c3', 'fce1d96a-6a07-4559-cff6-dd6efde758ae', 'af16be25-d5f7-7d95-5c3c-8b1edba3f33b', N'Sable Lantern', 207, 578, 33, 75, 54, 32, 0, @SeededAt),
        ('cdacbc61-b35b-8e1d-ab4a-18b411520288', 'fce1d96a-6a07-4559-cff6-dd6efde758ae', 'af16be25-d5f7-7d95-5c3c-8b1edba3f33b', N'Sable Meridian', 177, 532, 33, 67, 42, 28, 0, @SeededAt),
        ('88c3ae38-8b20-d652-1837-60c479e92968', 'fce1d96a-6a07-4559-cff6-dd6efde758ae', 'af16be25-d5f7-7d95-5c3c-8b1edba3f33b', N'Sable Point', 227, 569, 63, 38, 23, 36, 1, @SeededAt),
        ('b65e5383-9a97-dc0b-e4af-327b5cd5f784', 'fce1d96a-6a07-4559-cff6-dd6efde758ae', 'af16be25-d5f7-7d95-5c3c-8b1edba3f33b', N'Sable Relay', 214, 509, 35, 70, 19, 36, 1, @SeededAt),
        ('773987be-2c6e-e9b1-05ec-16c7c47deb9a', 'fce1d96a-6a07-4559-cff6-dd6efde758ae', 'af16be25-d5f7-7d95-5c3c-8b1edba3f33b', N'Sable Shoal', 251, 577, 22, 45, 49, 23, 0, @SeededAt),
        ('9519bcf9-d9b4-b27f-376b-315e6e0ea134', 'fce1d96a-6a07-4559-cff6-dd6efde758ae', 'af16be25-d5f7-7d95-5c3c-8b1edba3f33b', N'Sable Spur', 236, 516, 24, 43, 46, 22, 0, @SeededAt),
        ('1fdb158a-2732-1c4b-fb56-74865778bea1', 'fce1d96a-6a07-4559-cff6-dd6efde758ae', 'af16be25-d5f7-7d95-5c3c-8b1edba3f33b', N'Sable Watch', 274, 544, 61, 27, 30, 23, 0, @SeededAt),
        ('2341fb97-d41d-fe1a-de68-f28179c3dca0', 'fce1d96a-6a07-4559-cff6-dd6efde758ae', '54974816-a134-6734-fcd8-9c43d86314e3', N'Ternary', 129, 491, 41, 40, 46, 37, 1, @SeededAt),
        ('4e779cf5-ccc5-26c6-a50e-a9cde419a2c1', 'fce1d96a-6a07-4559-cff6-dd6efde758ae', '54974816-a134-6734-fcd8-9c43d86314e3', N'Ternary Anchorage', 102, 476, 41, 41, 38, 24, 0, @SeededAt),
        ('a52631c2-8bb9-1a20-9018-ce67ddac2e9b', 'fce1d96a-6a07-4559-cff6-dd6efde758ae', '54974816-a134-6734-fcd8-9c43d86314e3', N'Ternary Bastion', 101, 465, 35, 70, 35, 28, 0, @SeededAt),
        ('28d1b6fb-7a66-4486-df53-1ea25d951ec5', 'fce1d96a-6a07-4559-cff6-dd6efde758ae', '54974816-a134-6734-fcd8-9c43d86314e3', N'Ternary Beacon', 173, 461, 41, 53, 49, 28, 0, @SeededAt),
        ('e6183de2-a207-cbee-fc5b-fc2f22d2b8f2', 'fce1d96a-6a07-4559-cff6-dd6efde758ae', '54974816-a134-6734-fcd8-9c43d86314e3', N'Ternary Crossing', 105, 441, 40, 65, 37, 28, 0, @SeededAt),
        ('af749f5e-3da3-0d47-aaf6-d744a35eddee', 'fce1d96a-6a07-4559-cff6-dd6efde758ae', '54974816-a134-6734-fcd8-9c43d86314e3', N'Ternary Crown', 135, 416, 45, 58, 18, 24, 0, @SeededAt),
        ('5bf361f3-0cfb-9450-5d93-8c76e0fb4e16', 'fce1d96a-6a07-4559-cff6-dd6efde758ae', '54974816-a134-6734-fcd8-9c43d86314e3', N'Ternary Gate', 172, 438, 75, 15, 63, 30, 0, @SeededAt),
        ('62c375cf-d960-7514-95a1-fd4921a429d7', 'fce1d96a-6a07-4559-cff6-dd6efde758ae', '54974816-a134-6734-fcd8-9c43d86314e3', N'Ternary Harbour', 153, 493, 72, 57, 60, 37, 0, @SeededAt),
        ('eeafc8f0-516e-fddd-07cc-70129786a3e0', 'fce1d96a-6a07-4559-cff6-dd6efde758ae', '54974816-a134-6734-fcd8-9c43d86314e3', N'Ternary Haven', 152, 424, 58, 19, 38, 35, 1, @SeededAt),
        ('ac353552-7cc4-df25-bd97-698519dff2cb', 'fce1d96a-6a07-4559-cff6-dd6efde758ae', '54974816-a134-6734-fcd8-9c43d86314e3', N'Ternary Lantern', 109, 492, 81, 51, 20, 30, 0, @SeededAt),
        ('63b6df00-007d-fb7e-3074-337f9aa9e047', 'fce1d96a-6a07-4559-cff6-dd6efde758ae', '54974816-a134-6734-fcd8-9c43d86314e3', N'Ternary Meridian', 85, 454, 53, 40, 63, 31, 0, @SeededAt),
        ('ad8ebeb6-dd9c-a6ca-7f88-e2e7eafbd51f', 'fce1d96a-6a07-4559-cff6-dd6efde758ae', '54974816-a134-6734-fcd8-9c43d86314e3', N'Ternary Needle', 142, 485, 53, 36, 35, 24, 0, @SeededAt),
        ('fddf9f03-0417-7a36-19f3-f8bb1a2ac604', 'fce1d96a-6a07-4559-cff6-dd6efde758ae', '54974816-a134-6734-fcd8-9c43d86314e3', N'Ternary Relay', 105, 438, 83, 44, 59, 37, 0, @SeededAt),
        ('8f0bd3ba-baa5-22a7-67b5-0ee7ef9be9e8', 'fce1d96a-6a07-4559-cff6-dd6efde758ae', '54974816-a134-6734-fcd8-9c43d86314e3', N'Ternary Shoal', 188, 448, 33, 42, 43, 23, 0, @SeededAt),
        ('b6e304ec-2fc7-7f2f-85e3-46522466aa9f', 'fce1d96a-6a07-4559-cff6-dd6efde758ae', '54974816-a134-6734-fcd8-9c43d86314e3', N'Ternary Span', 170, 486, 82, 25, 40, 29, 0, @SeededAt),
        ('7cdc4260-dd4d-a50a-298d-79ca8a800c81', 'fce1d96a-6a07-4559-cff6-dd6efde758ae', '54974816-a134-6734-fcd8-9c43d86314e3', N'Ternary Spur', 118, 430, 30, 72, 25, 25, 0, @SeededAt),
        ('364a7182-2a6e-fd0c-dd99-c885ecfa9124', 'fce1d96a-6a07-4559-cff6-dd6efde758ae', '54974816-a134-6734-fcd8-9c43d86314e3', N'Ternary Vault', 182, 470, 41, 61, 52, 30, 0, @SeededAt),
        ('62fb6518-a480-30e8-eafc-5dd385074bbc', 'fce1d96a-6a07-4559-cff6-dd6efde758ae', '54974816-a134-6734-fcd8-9c43d86314e3', N'Ternary Watch', 161, 437, 27, 54, 26, 21, 0, @SeededAt),
        ('2d5ba6a4-1721-2dd3-4057-35c1f7b01b71', 'fce1d96a-6a07-4559-cff6-dd6efde758ae', '86fc7d8f-8a34-23d1-015f-db42e6d6d247', N'Treaty Gate', 500, 40, 73, 60, 37, 46, 4, @SeededAt),
        ('e805bbec-fd0d-8b66-395d-e409c42b572e', 'fce1d96a-6a07-4559-cff6-dd6efde758ae', 'f7f9c31b-3c92-8bd8-7f8a-403721296db9', N'Umbral Anchorage', 66, 362, 78, 26, 38, 28, 0, @SeededAt),
        ('4dd27e1f-7f5d-925a-3361-f5f48421167d', 'fce1d96a-6a07-4559-cff6-dd6efde758ae', 'f7f9c31b-3c92-8bd8-7f8a-403721296db9', N'Umbral Bastion', 52, 357, 20, 65, 19, 20, 0, @SeededAt),
        ('4ac45a98-532c-d221-4222-08c4fa716dd3', 'fce1d96a-6a07-4559-cff6-dd6efde758ae', 'f7f9c31b-3c92-8bd8-7f8a-403721296db9', N'Umbral Beacon', 126, 333, 34, 61, 37, 26, 0, @SeededAt),
        ('75c87925-310c-5622-1937-92c215d8a570', 'fce1d96a-6a07-4559-cff6-dd6efde758ae', 'f7f9c31b-3c92-8bd8-7f8a-403721296db9', N'Umbral Cairn', 127, 371, 74, 73, 51, 39, 0, @SeededAt),
        ('5e11fa4a-9883-0e26-c833-54b773f2271b', 'fce1d96a-6a07-4559-cff6-dd6efde758ae', 'f7f9c31b-3c92-8bd8-7f8a-403721296db9', N'Umbral Coil', 87, 383, 43, 49, 50, 28, 0, @SeededAt),
        ('d489d1b5-7868-aa2e-7767-550fc62ef555', 'fce1d96a-6a07-4559-cff6-dd6efde758ae', 'f7f9c31b-3c92-8bd8-7f8a-403721296db9', N'Umbral Crossing', 64, 340, 78, 65, 28, 34, 0, @SeededAt),
        ('d7f3021e-0c1e-87cc-bd20-1362cef163b4', 'fce1d96a-6a07-4559-cff6-dd6efde758ae', 'f7f9c31b-3c92-8bd8-7f8a-403721296db9', N'Umbral Crown', 79, 314, 50, 41, 47, 27, 0, @SeededAt),
        ('cfb0600d-d561-fde7-7871-f95546e805a8', 'fce1d96a-6a07-4559-cff6-dd6efde758ae', 'f7f9c31b-3c92-8bd8-7f8a-403721296db9', N'Umbral Gate', 114, 311, 50, 75, 21, 29, 0, @SeededAt),
        ('3435060f-7fca-c6c1-4932-2b6a91cc375c', 'fce1d96a-6a07-4559-cff6-dd6efde758ae', 'f7f9c31b-3c92-8bd8-7f8a-403721296db9', N'Umbral Harbour', 143, 352, 52, 33, 64, 29, 0, @SeededAt),
        ('b939e4fc-f757-146c-3211-c98962b21246', 'fce1d96a-6a07-4559-cff6-dd6efde758ae', 'f7f9c31b-3c92-8bd8-7f8a-403721296db9', N'Umbral Haven', 87, 323, 66, 21, 16, 20, 0, @SeededAt),
        ('771f03b3-9b2b-c87f-33e5-29aca09ba429', 'fce1d96a-6a07-4559-cff6-dd6efde758ae', 'f7f9c31b-3c92-8bd8-7f8a-403721296db9', N'Umbral Lantern', 59, 375, 34, 23, 20, 15, 0, @SeededAt),
        ('9f64c048-0df3-a47d-4f94-db2647a500ad', 'fce1d96a-6a07-4559-cff6-dd6efde758ae', 'f7f9c31b-3c92-8bd8-7f8a-403721296db9', N'Umbral Meridian', 51, 348, 29, 34, 34, 19, 0, @SeededAt),
        ('16803d40-d51c-2d86-05ca-e5eeb413f99a', 'fce1d96a-6a07-4559-cff6-dd6efde758ae', 'f7f9c31b-3c92-8bd8-7f8a-403721296db9', N'Umbral Needle', 145, 358, 71, 24, 39, 26, 0, @SeededAt),
        ('fcfb51d9-7086-9fe7-9776-85a66cb19562', 'fce1d96a-6a07-4559-cff6-dd6efde758ae', 'f7f9c31b-3c92-8bd8-7f8a-403721296db9', N'Umbral Reach', 133, 379, 43, 58, 29, 26, 0, @SeededAt),
        ('6fb24bfe-378d-89d2-e4cd-8cfee971d4e3', 'fce1d96a-6a07-4559-cff6-dd6efde758ae', 'f7f9c31b-3c92-8bd8-7f8a-403721296db9', N'Umbral Refuge', 95, 392, 72, 24, 12, 21, 0, @SeededAt),
        ('83a40245-bd05-5a0c-6fec-4e6306e06082', 'fce1d96a-6a07-4559-cff6-dd6efde758ae', 'f7f9c31b-3c92-8bd8-7f8a-403721296db9', N'Umbral Relay', 54, 335, 73, 33, 21, 25, 0, @SeededAt),
        ('46a83663-bf7d-b5b8-605f-f9b495e245de', 'fce1d96a-6a07-4559-cff6-dd6efde758ae', 'f7f9c31b-3c92-8bd8-7f8a-403721296db9', N'Umbral Shoal', 122, 320, 65, 39, 15, 35, 1, @SeededAt),
        ('fc90ff96-324a-86d0-ab6c-ac52fd7659c9', 'fce1d96a-6a07-4559-cff6-dd6efde758ae', 'f7f9c31b-3c92-8bd8-7f8a-403721296db9', N'Umbral Span', 134, 341, 46, 38, 15, 19, 0, @SeededAt),
        ('80d6c0b3-62e5-c497-dace-66e39d5f30c1', 'fce1d96a-6a07-4559-cff6-dd6efde758ae', 'f7f9c31b-3c92-8bd8-7f8a-403721296db9', N'Umbral Spur', 72, 322, 42, 22, 40, 20, 0, @SeededAt),
        ('ebcefc46-1fd1-9158-909d-b3e3cf7d14ba', 'fce1d96a-6a07-4559-cff6-dd6efde758ae', 'f7f9c31b-3c92-8bd8-7f8a-403721296db9', N'Umbral Station', 106, 380, 23, 40, 40, 20, 0, @SeededAt),
        ('d5d8b8f4-ff82-dce2-ed71-b85d7ecfd550', 'fce1d96a-6a07-4559-cff6-dd6efde758ae', 'f7f9c31b-3c92-8bd8-7f8a-403721296db9', N'Umbral Vault', 145, 334, 65, 30, 59, 30, 0, @SeededAt),
        ('25616f2f-6bc7-a5e9-37f6-fbffc9343cc4', 'fce1d96a-6a07-4559-cff6-dd6efde758ae', 'f7f9c31b-3c92-8bd8-7f8a-403721296db9', N'Umbral Wake', 117, 374, 28, 19, 27, 14, 0, @SeededAt),
        ('80d05deb-e24f-37e4-1bd8-fc3f6037628c', 'fce1d96a-6a07-4559-cff6-dd6efde758ae', 'f7f9c31b-3c92-8bd8-7f8a-403721296db9', N'Umbral Watch', 100, 320, 83, 60, 43, 37, 0, @SeededAt),
        ('3112d28d-e548-6eb1-fcb5-82631a63f8b7', 'fce1d96a-6a07-4559-cff6-dd6efde758ae', 'f7f9c31b-3c92-8bd8-7f8a-403721296db9', N'Umbral Way', 77, 384, 27, 65, 23, 35, 1, @SeededAt),
        ('e710b3c4-a347-0f3e-769a-e1d773d72e7a', 'fce1d96a-6a07-4559-cff6-dd6efde758ae', 'dec8bafd-7e6f-9479-7e9e-f51ee7c830ca', N'Verdant Coil', 95, 271, 28, 34, 45, 33, 1, @SeededAt),
        ('11922f45-8138-305f-d5ac-25bbc602a8b5', 'fce1d96a-6a07-4559-cff6-dd6efde758ae', 'dec8bafd-7e6f-9479-7e9e-f51ee7c830ca', N'Viridian Anchorage', 96, 241, 62, 42, 52, 31, 0, @SeededAt),
        ('82cb9f0b-0c8c-3c94-e259-e95fdb9f8113', 'fce1d96a-6a07-4559-cff6-dd6efde758ae', 'dec8bafd-7e6f-9479-7e9e-f51ee7c830ca', N'Viridian Bastion', 88, 223, 70, 31, 47, 29, 0, @SeededAt),
        ('baf92501-8b15-9544-5d14-5486a6f7c202', 'fce1d96a-6a07-4559-cff6-dd6efde758ae', 'dec8bafd-7e6f-9479-7e9e-f51ee7c830ca', N'Viridian Beacon', 130, 274, 30, 58, 33, 24, 0, @SeededAt),
        ('caed944a-7438-1616-da65-e59ea0d17065', 'fce1d96a-6a07-4559-cff6-dd6efde758ae', 'dec8bafd-7e6f-9479-7e9e-f51ee7c830ca', N'Viridian Crossing', 125, 219, 21, 17, 19, 11, 0, @SeededAt),
        ('b6924de1-8317-a776-71e8-6c4e8e74396d', 'fce1d96a-6a07-4559-cff6-dd6efde758ae', 'dec8bafd-7e6f-9479-7e9e-f51ee7c830ca', N'Viridian Crown', 177, 230, 39, 32, 41, 22, 0, @SeededAt),
        ('4f356d16-5a11-8472-1c88-87a1ce16463f', 'fce1d96a-6a07-4559-cff6-dd6efde758ae', 'dec8bafd-7e6f-9479-7e9e-f51ee7c830ca', N'Viridian Gate', 169, 274, 47, 47, 60, 30, 0, @SeededAt),
        ('a3cd986d-6148-6be4-de44-a4c7875a8be9', 'fce1d96a-6a07-4559-cff6-dd6efde758ae', 'dec8bafd-7e6f-9479-7e9e-f51ee7c830ca', N'Viridian Haven', 176, 244, 49, 21, 48, 23, 0, @SeededAt),
        ('22430cfa-d633-73ae-6bc7-57b7393b1ae3', 'fce1d96a-6a07-4559-cff6-dd6efde758ae', 'dec8bafd-7e6f-9479-7e9e-f51ee7c830ca', N'Viridian Lantern', 87, 253, 45, 37, 45, 25, 0, @SeededAt),
        ('96e52289-1147-7d17-aa70-ae8dc0106350', 'fce1d96a-6a07-4559-cff6-dd6efde758ae', 'dec8bafd-7e6f-9479-7e9e-f51ee7c830ca', N'Viridian Meridian', 111, 213, 54, 35, 36, 25, 0, @SeededAt),
        ('601398f9-cca5-db2b-4e28-043b382c54a1', 'fce1d96a-6a07-4559-cff6-dd6efde758ae', 'dec8bafd-7e6f-9479-7e9e-f51ee7c830ca', N'Viridian Relay', 145, 214, 84, 38, 57, 35, 0, @SeededAt),
        ('a9aaeee4-ab10-f5ab-93e4-3bd8f9031bd6', 'fce1d96a-6a07-4559-cff6-dd6efde758ae', 'dec8bafd-7e6f-9479-7e9e-f51ee7c830ca', N'Viridian Shoal', 145, 272, 26, 73, 35, 26, 0, @SeededAt),
        ('d9d9d8f7-b5bd-11ef-6195-da793962da5b', 'fce1d96a-6a07-4559-cff6-dd6efde758ae', 'dec8bafd-7e6f-9479-7e9e-f51ee7c830ca', N'Viridian Spur', 154, 212, 63, 65, 34, 44, 1, @SeededAt),
        ('fc6ceb6c-4529-be37-70f2-77e36834f06c', 'fce1d96a-6a07-4559-cff6-dd6efde758ae', 'dec8bafd-7e6f-9479-7e9e-f51ee7c830ca', N'Viridian Vault', 110, 282, 84, 43, 10, 27, 0, @SeededAt),
        ('0a78245c-ca90-cc73-6d48-6f770e3a6b9a', 'fce1d96a-6a07-4559-cff6-dd6efde758ae', 'dec8bafd-7e6f-9479-7e9e-f51ee7c830ca', N'Viridian Watch', 168, 258, 54, 32, 56, 28, 0, @SeededAt),
        ('7bb6ba83-1f57-4e36-518d-29f125f7f378', 'fce1d96a-6a07-4559-cff6-dd6efde758ae', '3cf3133f-aa73-d2f1-dd39-cc6365b5f64a', N'Warden Anchorage', 183, 146, 61, 21, 19, 20, 0, @SeededAt),
        ('b602cc21-ffd3-1ada-e82f-7aa5a7327835', 'fce1d96a-6a07-4559-cff6-dd6efde758ae', '3cf3133f-aa73-d2f1-dd39-cc6365b5f64a', N'Warden Bastion', 183, 133, 76, 65, 42, 36, 0, @SeededAt),
        ('ec1cb939-3664-bcd6-3a2a-7218fb55853f', 'fce1d96a-6a07-4559-cff6-dd6efde758ae', '3cf3133f-aa73-d2f1-dd39-cc6365b5f64a', N'Warden Beacon', 269, 175, 62, 55, 55, 34, 0, @SeededAt),
        ('6fe6dd4a-e8e7-9c33-74e4-7dd198b87315', 'fce1d96a-6a07-4559-cff6-dd6efde758ae', '3cf3133f-aa73-d2f1-dd39-cc6365b5f64a', N'Warden Cairn', 198, 186, 76, 30, 31, 27, 0, @SeededAt),
        ('8189c373-66d5-574b-ac07-5b19a5e629e1', 'fce1d96a-6a07-4559-cff6-dd6efde758ae', '3cf3133f-aa73-d2f1-dd39-cc6365b5f64a', N'Warden Crossing', 206, 129, 40, 23, 17, 16, 0, @SeededAt),
        ('e074d454-e135-cd35-6ae3-ddfba741d119', 'fce1d96a-6a07-4559-cff6-dd6efde758ae', '3cf3133f-aa73-d2f1-dd39-cc6365b5f64a', N'Warden Crown', 253, 132, 54, 46, 63, 32, 0, @SeededAt),
        ('b055fa4b-0e2d-b973-7b65-ba094de94df4', 'fce1d96a-6a07-4559-cff6-dd6efde758ae', '3cf3133f-aa73-d2f1-dd39-cc6365b5f64a', N'Warden Gate', 273, 153, 52, 26, 55, 26, 0, @SeededAt),
        ('345221bd-e39f-a713-07e8-9a5887925762', 'fce1d96a-6a07-4559-cff6-dd6efde758ae', '3cf3133f-aa73-d2f1-dd39-cc6365b5f64a', N'Warden Harbour', 228, 184, 80, 69, 24, 34, 0, @SeededAt),
        ('a28df40c-b5cf-543a-20ce-112e719fb3bd', 'fce1d96a-6a07-4559-cff6-dd6efde758ae', '3cf3133f-aa73-d2f1-dd39-cc6365b5f64a', N'Warden Haven', 253, 135, 28, 64, 26, 23, 0, @SeededAt),
        ('7e43bbbf-0ddc-4d64-b52a-4e0913e32fa7', 'fce1d96a-6a07-4559-cff6-dd6efde758ae', '3cf3133f-aa73-d2f1-dd39-cc6365b5f64a', N'Warden Lantern', 187, 157, 63, 59, 30, 30, 0, @SeededAt),
        ('1108026e-6405-53e0-c47d-09776d88c976', 'fce1d96a-6a07-4559-cff6-dd6efde758ae', '3cf3133f-aa73-d2f1-dd39-cc6365b5f64a', N'Warden Meridian', 203, 132, 76, 51, 43, 34, 0, @SeededAt),
        ('6cbae8ac-a1c6-fbd7-4a3d-0245b0e49b1d', 'fce1d96a-6a07-4559-cff6-dd6efde758ae', '3cf3133f-aa73-d2f1-dd39-cc6365b5f64a', N'Warden Needle', 216, 194, 57, 44, 35, 27, 0, @SeededAt),
        ('7dccee78-888e-8063-fc38-bbd6bea2ab47', 'fce1d96a-6a07-4559-cff6-dd6efde758ae', '3cf3133f-aa73-d2f1-dd39-cc6365b5f64a', N'Warden Reach', 190, 172, 79, 43, 44, 33, 0, @SeededAt),
        ('5cf41039-09aa-695f-4633-2fe0852754c1', 'fce1d96a-6a07-4559-cff6-dd6efde758ae', '3cf3133f-aa73-d2f1-dd39-cc6365b5f64a', N'Warden Relay', 223, 115, 85, 75, 46, 41, 0, @SeededAt),
        ('c6ebfaf6-1963-2bd9-00c0-4fb6db450f02', 'fce1d96a-6a07-4559-cff6-dd6efde758ae', '3cf3133f-aa73-d2f1-dd39-cc6365b5f64a', N'Warden Shoal', 260, 162, 62, 40, 14, 23, 0, @SeededAt),
        ('b73f5854-cd35-8498-df0c-31796083289f', 'fce1d96a-6a07-4559-cff6-dd6efde758ae', '3cf3133f-aa73-d2f1-dd39-cc6365b5f64a', N'Warden Span', 240, 182, 82, 61, 61, 40, 0, @SeededAt),
        ('1002a7a1-4cfe-6a4e-1588-c5bbbed4acfa', 'fce1d96a-6a07-4559-cff6-dd6efde758ae', '3cf3133f-aa73-d2f1-dd39-cc6365b5f64a', N'Warden Spur', 235, 118, 73, 40, 10, 24, 0, @SeededAt),
        ('e275bb2d-5601-9239-9134-0498ffe4539c', 'fce1d96a-6a07-4559-cff6-dd6efde758ae', '3cf3133f-aa73-d2f1-dd39-cc6365b5f64a', N'Warden Vault', 250, 187, 61, 57, 25, 28, 0, @SeededAt),
        ('2c487c42-ae19-5b5c-222a-1b8f717674f0', 'fce1d96a-6a07-4559-cff6-dd6efde758ae', '3cf3133f-aa73-d2f1-dd39-cc6365b5f64a', N'Warden Watch', 268, 140, 72, 40, 44, 43, 1, @SeededAt),
        ('86b9f8ec-aae2-0b3b-9865-ae604a018326', 'fce1d96a-6a07-4559-cff6-dd6efde758ae', '3cf3133f-aa73-d2f1-dd39-cc6365b5f64a', N'Warden''s Line', 176, 168, 77, 68, 14, 43, 1, @SeededAt),
        ('987aec47-2c29-5566-4972-dbef06967ea5', 'fce1d96a-6a07-4559-cff6-dd6efde758ae', '5ffe5d3a-f365-a5e0-227c-c5466dca4028', N'Xanthe', 691, 625, 35, 54, 38, 37, 1, @SeededAt),
        ('8865ae25-3178-ab99-bbd2-ef977cfa386d', 'fce1d96a-6a07-4559-cff6-dd6efde758ae', '86fc7d8f-8a34-23d1-015f-db42e6d6d247', N'Yanaka''s Reach', 517, 51, 84, 17, 46, 29, 0, @SeededAt),
        ('17a3e1d5-35f9-1ea2-6f4e-19aed7b29d46', 'fce1d96a-6a07-4559-cff6-dd6efde758ae', '6b50b2c7-5c67-8f7c-e987-d8707a7a75f4', N'Yarrow', 815, 552, 74, 25, 48, 41, 1, @SeededAt),
        ('f5d645ac-62f5-de46-9a57-66147bcf926f', 'fce1d96a-6a07-4559-cff6-dd6efde758ae', '16c70d64-87cf-debd-694f-8e17d448238d', N'Zenith Anchorage', 317, 75, 68, 44, 22, 26, 0, @SeededAt),
        ('48561992-1108-8e84-25ac-ad5499f4630e', 'fce1d96a-6a07-4559-cff6-dd6efde758ae', '16c70d64-87cf-debd-694f-8e17d448238d', N'Zenith Bastion', 336, 70, 83, 67, 48, 39, 0, @SeededAt),
        ('1dfad5a4-0633-0adc-1784-583b2cf81a61', 'fce1d96a-6a07-4559-cff6-dd6efde758ae', '16c70d64-87cf-debd-694f-8e17d448238d', N'Zenith Beacon', 338, 142, 52, 70, 50, 34, 0, @SeededAt),
        ('938bc08e-5c8f-c402-27db-de2f477672c7', 'fce1d96a-6a07-4559-cff6-dd6efde758ae', '16c70d64-87cf-debd-694f-8e17d448238d', N'Zenith Crossing', 372, 69, 82, 59, 32, 34, 0, @SeededAt),
        ('903fb301-c610-7c43-3f1c-6c7dd7951f64', 'fce1d96a-6a07-4559-cff6-dd6efde758ae', '16c70d64-87cf-debd-694f-8e17d448238d', N'Zenith Crown', 402, 100, 72, 59, 51, 48, 1, @SeededAt),
        ('b8888cb3-d60c-de16-6efa-8a88a792f1dd', 'fce1d96a-6a07-4559-cff6-dd6efde758ae', '16c70d64-87cf-debd-694f-8e17d448238d', N'Zenith Gate', 372, 126, 76, 48, 61, 37, 0, @SeededAt),
        ('fc35aa95-2ada-2240-9ae4-18a69cda5e99', 'fce1d96a-6a07-4559-cff6-dd6efde758ae', '16c70d64-87cf-debd-694f-8e17d448238d', N'Zenith Haven', 389, 115, 72, 70, 12, 30, 0, @SeededAt),
        ('d8a6678d-caab-c26e-80d7-125ea4e1119c', 'fce1d96a-6a07-4559-cff6-dd6efde758ae', '16c70d64-87cf-debd-694f-8e17d448238d', N'Zenith Lantern', 322, 92, 72, 21, 39, 26, 0, @SeededAt),
        ('7ca9dd16-e40b-7bf9-6c2d-055b6a2fa2ca', 'fce1d96a-6a07-4559-cff6-dd6efde758ae', '16c70d64-87cf-debd-694f-8e17d448238d', N'Zenith Meridian', 353, 76, 43, 65, 53, 32, 0, @SeededAt),
        ('6d841a7d-3641-136d-543c-01b9841898ca', 'fce1d96a-6a07-4559-cff6-dd6efde758ae', '16c70d64-87cf-debd-694f-8e17d448238d', N'Zenith Relay', 379, 71, 29, 61, 18, 21, 0, @SeededAt),
        ('a1e2f12c-08f9-7fde-3775-6eb30d109817', 'fce1d96a-6a07-4559-cff6-dd6efde758ae', '16c70d64-87cf-debd-694f-8e17d448238d', N'Zenith Shoal', 358, 133, 71, 25, 53, 29, 0, @SeededAt),
        ('07369afb-7ee6-6f42-7943-c2e1a3d491c8', 'fce1d96a-6a07-4559-cff6-dd6efde758ae', '16c70d64-87cf-debd-694f-8e17d448238d', N'Zenith Span', 310, 113, 63, 71, 60, 38, 0, @SeededAt),
        ('eb7009f4-3f5e-90e2-e24a-956932b17be8', 'fce1d96a-6a07-4559-cff6-dd6efde758ae', '16c70d64-87cf-debd-694f-8e17d448238d', N'Zenith Spur', 398, 88, 76, 31, 53, 32, 0, @SeededAt),
        ('bad0c9ec-473a-3c38-0a27-bf2ddfb34e28', 'fce1d96a-6a07-4559-cff6-dd6efde758ae', '16c70d64-87cf-debd-694f-8e17d448238d', N'Zenith Vault', 332, 128, 57, 57, 53, 33, 0, @SeededAt),
        ('1d5afef4-b712-fd17-143d-c4dc624cdfda', 'fce1d96a-6a07-4559-cff6-dd6efde758ae', '16c70d64-87cf-debd-694f-8e17d448238d', N'Zenith Watch', 394, 128, 64, 31, 27, 24, 0, @SeededAt),
        ('909330af-8e8b-6d9e-033a-be06d7cd8bb5', 'fce1d96a-6a07-4559-cff6-dd6efde758ae', '16c70d64-87cf-debd-694f-8e17d448238d', N'Zenith Yard', 305, 104, 25, 72, 30, 37, 1, @SeededAt);

    INSERT INTO dbo.Empires(EmpireID, CycleID, PlayerID, EmpireName, HomeSystemID, CreatedAt, Status)
    VALUES
        ('1b12558d-ff5e-d372-e4c1-94f63137b642', 'fce1d96a-6a07-4559-cff6-dd6efde758ae', '089f8d2b-cb2f-2235-8fae-c0d1a135c865', N'Aurelian Compact', '403e9403-2340-8c6a-cf4c-225004dc02fb', @SeededAt, N'Active'),
        ('c0660deb-fa0d-be04-7967-8a1e8691079e', 'fce1d96a-6a07-4559-cff6-dd6efde758ae', '7ff1913a-63f9-122f-cd2b-ac8e709afa03', N'Khepri Mandate', '5f1619ba-29b3-a376-838e-432d313f4222', @SeededAt, N'Active'),
        ('5b61c575-b567-8f71-e940-4e08f628cad7', 'fce1d96a-6a07-4559-cff6-dd6efde758ae', '4c2b8d58-af0d-9f22-846e-4c213d53d181', N'Novan League', 'ec2b9806-1597-2aaa-01e8-1af5cb7a1969', @SeededAt, N'Active'),
        ('dc99aa36-86c5-ebe6-2ba0-1b557b73ec5b', 'fce1d96a-6a07-4559-cff6-dd6efde758ae', '5157de0c-e13b-b784-3c78-b5bc77fa9bb0', N'Vestige Combine', '4dd27e1f-7f5d-925a-3361-f5f48421167d', @SeededAt, N'Active');

    INSERT INTO dbo.EmpireResources(EmpireResourceID, EmpireID, Industry, Research, Population, LastGeneratedIndustry, LastGeneratedResearch, LastGeneratedPopulation, LastSpentIndustry, LastSpentResearch, LastSpentPopulation, UpdatedAt)
    VALUES
        ('40a59e85-1d96-90c1-201b-70f33711ba04', '1b12558d-ff5e-d372-e4c1-94f63137b642', 100, 100, 100, 0, 0, 0, 0, 0, 0, @SeededAt),
        ('98428db6-ba14-1fb9-14c1-86a6d38348b7', 'c0660deb-fa0d-be04-7967-8a1e8691079e', 100, 100, 100, 0, 0, 0, 0, 0, 0, @SeededAt),
        ('cac84274-f341-cb4f-1687-b580727b072d', '5b61c575-b567-8f71-e940-4e08f628cad7', 100, 100, 100, 0, 0, 0, 0, 0, 0, @SeededAt),
        ('be43d99b-bd01-bfb6-b95b-a04e0680e0db', 'dc99aa36-86c5-ebe6-2ba0-1b557b73ec5b', 100, 100, 100, 0, 0, 0, 0, 0, 0, @SeededAt);

    INSERT INTO dbo.EmpirePriorities(EmpirePriorityID, EmpireID, IndustryWeight, ResearchWeight, MilitaryWeight, ExpansionWeight, UpdatedAt)
    VALUES
        ('3510456e-fb83-1403-f88f-2bd6cbc442e1', '1b12558d-ff5e-d372-e4c1-94f63137b642', 0, 0, 67, 33, @SeededAt),
        ('828573b7-ce4b-b890-5065-b80574c14fc0', 'c0660deb-fa0d-be04-7967-8a1e8691079e', 0, 0, 67, 33, @SeededAt),
        ('f60b5f1e-a53f-9d22-3396-4b36a9b25571', '5b61c575-b567-8f71-e940-4e08f628cad7', 0, 0, 67, 33, @SeededAt),
        ('987bba47-af77-9e2c-4760-cc5d60da32dd', 'dc99aa36-86c5-ebe6-2ba0-1b557b73ec5b', 0, 0, 67, 33, @SeededAt);

    INSERT INTO dbo.SystemLinks(SystemLinkID, CycleID, SystemAID, SystemBID, Distance, TravelTicks)
    VALUES
        ('006829a9-fcb4-611d-c2ad-bd33acc99be5', 'fce1d96a-6a07-4559-cff6-dd6efde758ae', 'a28df40c-b5cf-543a-20ce-112e719fb3bd', '2c487c42-ae19-5b5c-222a-1b8f717674f0', 15.81, 1),
        ('00ed606a-55f8-b6d3-3676-50ded432e879', 'fce1d96a-6a07-4559-cff6-dd6efde758ae', '65a5d9dc-6bce-adc8-f783-6854b2306f2f', '6de24303-2aee-afdf-9680-de9068536e42', 162.00, 2),
        ('01230d94-8c75-1267-e259-f1d392cd5759', 'fce1d96a-6a07-4559-cff6-dd6efde758ae', '2f4e4aff-f5cd-40a7-01e9-aa035e0056d0', '8a439081-d7a3-69d7-3630-1b2e128f2e19', 9.43, 1),
        ('0194725d-8963-7fc0-4178-54abd7724427', 'fce1d96a-6a07-4559-cff6-dd6efde758ae', '909330af-8e8b-6d9e-033a-be06d7cd8bb5', '089e2367-466d-ed25-657e-a974c93ab93a', 195.04, 2),
        ('01bb5cb6-6431-b0ba-ec6f-f7079aee4069', 'fce1d96a-6a07-4559-cff6-dd6efde758ae', '1440873b-8960-c584-b0e3-f7e7ec772e34', '3cb215d2-641d-822b-aa44-0a46c634ac7e', 17.49, 1),
        ('01c2677f-addd-602f-a8a0-8e6cffca7b8e', 'fce1d96a-6a07-4559-cff6-dd6efde758ae', 'b055fa4b-0e2d-b973-7b65-ba094de94df4', 'c6ebfaf6-1963-2bd9-00c0-4fb6db450f02', 15.81, 1),
        ('02b4bc2f-09fe-ef2d-6dd5-b6219b1b4769', 'fce1d96a-6a07-4559-cff6-dd6efde758ae', '7e43bbbf-0ddc-4d64-b52a-4e0913e32fa7', '7bb6ba83-1f57-4e36-518d-29f125f7f378', 11.70, 1),
        ('0423a3cd-79d6-031f-0eeb-a7914ff7abf4', 'fce1d96a-6a07-4559-cff6-dd6efde758ae', '5fb455e2-a46e-7b65-7b6c-a7815680f42e', 'd14a0f17-6559-6b36-e313-6c44627827f4', 5, 1),
        ('05f379d3-923d-f49a-7a6b-d58cdf72bbce', 'fce1d96a-6a07-4559-cff6-dd6efde758ae', 'a7ecb61a-1ba4-edd2-a793-0eb177861a81', '85f9604d-be58-3de7-922c-d96f09e70df9', 12.21, 1),
        ('06437d69-3503-7a66-97fb-bd08570195b7', 'fce1d96a-6a07-4559-cff6-dd6efde758ae', '4f356d16-5a11-8472-1c88-87a1ce16463f', 'a9aaeee4-ab10-f5ab-93e4-3bd8f9031bd6', 24.08, 1),
        ('07f48a99-8312-fdcf-366a-e0b1d464585d', 'fce1d96a-6a07-4559-cff6-dd6efde758ae', 'fc90ff96-324a-86d0-ab6c-ac52fd7659c9', '3435060f-7fca-c6c1-4932-2b6a91cc375c', 14.21, 1),
        ('0853df10-417d-b9d1-e6fd-0ed85cb0b19c', 'fce1d96a-6a07-4559-cff6-dd6efde758ae', '97d67aaf-b8d4-0ba0-085f-833f8c61eaf4', '410ca5ba-bddc-82ce-7981-e67ba8908492', 3.61, 1),
        ('08e53684-5b1f-7f4a-c3b1-4eee8c7011c0', 'fce1d96a-6a07-4559-cff6-dd6efde758ae', '41f31214-de3e-9581-cda3-af759b702a8f', 'a01f61ec-7031-4551-1071-badabb051eac', 23.85, 1),
        ('0a9677b2-cdd1-c138-8e24-bbfa5442a0e2', 'fce1d96a-6a07-4559-cff6-dd6efde758ae', 'e074d454-e135-cd35-6ae3-ddfba741d119', 'a28df40c-b5cf-543a-20ce-112e719fb3bd', 3, 1),
        ('0afefb28-e3fc-8506-2c8f-3f4b825c4075', 'fce1d96a-6a07-4559-cff6-dd6efde758ae', 'c7a24831-46be-1720-85e8-831fee6de23f', '6fa9987d-0d7e-9c11-c38b-4489f8358dc9', 10.20, 1),
        ('0c463b96-db44-8436-6fd9-8a5522b20820', 'fce1d96a-6a07-4559-cff6-dd6efde758ae', 'f529de0f-2e42-af44-cd6b-ab74e5777286', '91e4dcf9-e7d9-5811-6ced-b4a37ec694a2', 15.56, 1),
        ('0c4ab6b4-77d7-1317-9e63-66d539cc2f53', 'fce1d96a-6a07-4559-cff6-dd6efde758ae', 'd5d8b8f4-ff82-dce2-ed71-b85d7ecfd550', 'fc90ff96-324a-86d0-ab6c-ac52fd7659c9', 13.04, 1),
        ('0c79ba9c-1c37-32e7-0677-5be5f8001b4e', 'fce1d96a-6a07-4559-cff6-dd6efde758ae', '3112d28d-e548-6eb1-fcb5-82631a63f8b7', '771f03b3-9b2b-c87f-33e5-29aca09ba429', 20.12, 1),
        ('0cd85da4-aaac-9c9b-030e-649cf98bf533', 'fce1d96a-6a07-4559-cff6-dd6efde758ae', '07bb40b7-3511-69af-4161-e26a5e01cf18', '5426c7cc-7083-d00c-cc6d-cc774971c5ba', 24.70, 1),
        ('0d886c53-0bf1-6090-9b3f-244f6bdd7f14', 'fce1d96a-6a07-4559-cff6-dd6efde758ae', 'd7f3021e-0c1e-87cc-bd20-1362cef163b4', 'b939e4fc-f757-146c-3211-c98962b21246', 12.04, 1),
        ('0df08848-cace-ea17-d5f0-bfe02a0a6760', 'fce1d96a-6a07-4559-cff6-dd6efde758ae', 'ff8d8dc2-fe47-c40e-5f88-53824366878b', 'f76d6b98-027b-aecd-b037-fa56e0f3c92a', 207.46, 2),
        ('0e270657-8267-b38a-6efd-8ff80f3378e3', 'fce1d96a-6a07-4559-cff6-dd6efde758ae', '9f64c048-0df3-a47d-4f94-db2647a500ad', 'd489d1b5-7868-aa2e-7767-550fc62ef555', 15.26, 1),
        ('0e92de9b-fb75-13b3-9159-067dfadb8e30', 'fce1d96a-6a07-4559-cff6-dd6efde758ae', 'e6183de2-a207-cbee-fc5b-fc2f22d2b8f2', 'fddf9f03-0417-7a36-19f3-f8bb1a2ac604', 3, 1),
        ('0e981ce8-328a-2a97-ff7e-96f1f5846c4e', 'fce1d96a-6a07-4559-cff6-dd6efde758ae', '8865ae25-3178-ab99-bbd2-ef977cfa386d', '1a8f946c-45c9-a901-bca5-89e5b2ca50c5', 12.53, 1),
        ('0eb5117c-968e-4a1e-9115-ef657b42ebf7', 'fce1d96a-6a07-4559-cff6-dd6efde758ae', '16803d40-d51c-2d86-05ca-e5eeb413f99a', '75c87925-310c-5622-1937-92c215d8a570', 22.20, 1),
        ('0f196d65-c77d-1a2e-f3a1-ad378d6b6009', 'fce1d96a-6a07-4559-cff6-dd6efde758ae', 'eb7009f4-3f5e-90e2-e24a-956932b17be8', '903fb301-c610-7c43-3f1c-6c7dd7951f64', 12.65, 1),
        ('0f1db306-fb33-a042-ad7d-08fa8780f391', 'fce1d96a-6a07-4559-cff6-dd6efde758ae', 'c6ebfaf6-1963-2bd9-00c0-4fb6db450f02', 'ec1cb939-3664-bcd6-3a2a-7218fb55853f', 15.81, 1),
        ('0f379b5d-c8c7-e051-bce1-5b5255bd8182', 'fce1d96a-6a07-4559-cff6-dd6efde758ae', 'f569ae2c-0649-ead3-b201-36a2e5792fa9', '54f99591-2fde-9a4a-e63d-7f312cf5c6b5', 20, 1),
        ('10d8dd07-651a-15c6-5a68-0b010ffcf2a2', 'fce1d96a-6a07-4559-cff6-dd6efde758ae', 'b602cc21-ffd3-1ada-e82f-7aa5a7327835', '1108026e-6405-53e0-c47d-09776d88c976', 20.02, 1),
        ('127af26e-7418-262a-a381-73cfb913161b', 'fce1d96a-6a07-4559-cff6-dd6efde758ae', '938bc08e-5c8f-c402-27db-de2f477672c7', '6d841a7d-3641-136d-543c-01b9841898ca', 7.28, 1),
        ('139e7aab-9b5a-9cc5-b1d2-34b179eb09ba', 'fce1d96a-6a07-4559-cff6-dd6efde758ae', 'adb49e1a-ae7d-719c-fecb-e217f3735af7', '23ed4ed3-596e-3001-bcb7-cc27408ed3ed', 22.47, 1),
        ('14e420a1-0720-8ea9-e7cc-42470180c830', 'fce1d96a-6a07-4559-cff6-dd6efde758ae', '601398f9-cca5-db2b-4e28-043b382c54a1', 'd9d9d8f7-b5bd-11ef-6195-da793962da5b', 9.22, 1),
        ('15c7321d-5f04-1c37-5f50-eed516f99c2f', 'fce1d96a-6a07-4559-cff6-dd6efde758ae', '7ca9dd16-e40b-7bf9-6c2d-055b6a2fa2ca', '938bc08e-5c8f-c402-27db-de2f477672c7', 20.25, 1),
        ('1abd90f2-d5be-4c6d-f75b-d8ce99352b27', 'fce1d96a-6a07-4559-cff6-dd6efde758ae', '3cb215d2-641d-822b-aa44-0a46c634ac7e', 'a7ecb61a-1ba4-edd2-a793-0eb177861a81', 21.93, 1),
        ('1b491021-8b3d-b007-f2e0-c7e81a398bfe', 'fce1d96a-6a07-4559-cff6-dd6efde758ae', 'f7f7ea77-924e-d573-aec5-71f84ed41d98', '98e40e90-1d9c-cff5-b683-c8ef65b857a1', 20.62, 1),
        ('1be15b4b-5cf8-513f-a949-6db194416748', 'fce1d96a-6a07-4559-cff6-dd6efde758ae', '80d05deb-e24f-37e4-1bd8-fc3f6037628c', 'cfb0600d-d561-fde7-7871-f95546e805a8', 16.64, 1),
        ('1ce5d0c5-9313-0d30-83b9-595e1012cb7a', 'fce1d96a-6a07-4559-cff6-dd6efde758ae', 'a506b359-e26d-307c-b095-6b965250c8ee', 'd26130d1-f0d8-ca94-812d-e078687bfe7e', 14.87, 1),
        ('1d661571-c833-86ae-4512-388144c380c9', 'fce1d96a-6a07-4559-cff6-dd6efde758ae', 'b8b0ef4a-d962-881a-e9f8-4762ac8ba30a', '6de24303-2aee-afdf-9680-de9068536e42', 15.62, 1),
        ('215a0e5e-b67f-5da3-41fe-f8e415775a40', 'fce1d96a-6a07-4559-cff6-dd6efde758ae', '48561992-1108-8e84-25ac-ad5499f4630e', '7ca9dd16-e40b-7bf9-6c2d-055b6a2fa2ca', 18.03, 1),
        ('222a1e77-b16c-8dec-025f-6a4d0a202974', 'fce1d96a-6a07-4559-cff6-dd6efde758ae', '78661251-ed22-74a0-d4bf-16c65b07269a', '9ae9e5c2-77e1-63b2-34f6-4fc843750ce4', 15.65, 1),
        ('245f3463-9525-b303-87d8-d1270370a3c6', 'fce1d96a-6a07-4559-cff6-dd6efde758ae', '46a83663-bf7d-b5b8-605f-f9b495e245de', '4ac45a98-532c-d221-4222-08c4fa716dd3', 13.60, 1),
        ('2476d52a-d9a4-d7df-d66b-1264f7ce4c0b', 'fce1d96a-6a07-4559-cff6-dd6efde758ae', 'e3729e37-963b-f2e8-1d62-6e81e72ad755', 'ab234ec8-288b-1226-4129-5aa02c03d769', 18.44, 1),
        ('2564e1ab-fb88-0a78-af95-6c1b77bec0b6', 'fce1d96a-6a07-4559-cff6-dd6efde758ae', '6fb24bfe-378d-89d2-e4cd-8cfee971d4e3', '5e11fa4a-9883-0e26-c833-54b773f2271b', 12.04, 1),
        ('258a89de-31e3-9617-3d9e-d3084205de39', 'fce1d96a-6a07-4559-cff6-dd6efde758ae', '00e5a8d0-7876-ad3d-cb05-e92048a97a6d', '306fc1c6-6844-17ad-37d4-322355f6c7bd', 18.03, 1),
        ('2606a640-a00b-39c7-530b-c1269ef8abda', 'fce1d96a-6a07-4559-cff6-dd6efde758ae', '78661251-ed22-74a0-d4bf-16c65b07269a', 'b65e5383-9a97-dc0b-e4af-327b5cd5f784', 193.04, 2),
        ('269fb06c-1dd7-aef4-f1d1-9dfc8ddf91bc', 'fce1d96a-6a07-4559-cff6-dd6efde758ae', 'b65e5383-9a97-dc0b-e4af-327b5cd5f784', '9519bcf9-d9b4-b27f-376b-315e6e0ea134', 23.09, 1),
        ('26a4b611-2e1e-1236-90c7-ede38210828e', 'fce1d96a-6a07-4559-cff6-dd6efde758ae', '0eb178f4-6b05-d301-68b7-137f15c570cd', '089f20b7-3331-72bc-a21c-d75d10d1ee48', 17.26, 1),
        ('26edb76f-474f-8439-4282-face80d0df9b', 'fce1d96a-6a07-4559-cff6-dd6efde758ae', '22430cfa-d633-73ae-6bc7-57b7393b1ae3', '11922f45-8138-305f-d5ac-25bbc602a8b5', 15, 1),
        ('275c89f7-1c80-44d3-f6e9-d6da949f1a78', 'fce1d96a-6a07-4559-cff6-dd6efde758ae', 'caa806bf-33e7-079a-55eb-fb48855bedc6', '29a88718-cff0-2046-98a2-9a566eae3b78', 17.89, 1),
        ('27b8eb59-927e-35aa-008d-2313a9470b81', 'fce1d96a-6a07-4559-cff6-dd6efde758ae', '46620d16-a314-b436-3a5a-2effe005b348', '6f34194a-77a0-63f6-02e7-f3f4ea12f752', 20.81, 1),
        ('286dbcc9-33ae-b467-87a9-0e1577fd9a4a', 'fce1d96a-6a07-4559-cff6-dd6efde758ae', '2b890aab-e0ed-ecde-abe5-752e5fb36720', '8f47fcf7-a6a5-72ea-b902-3eb649842f7e', 19.65, 1),
        ('29f708dd-50ba-518c-d7b7-c9eaf876b46c', 'fce1d96a-6a07-4559-cff6-dd6efde758ae', '46d27969-3b8c-07ba-b8a7-69a6f2fc1e81', 'a53bc3d7-7ffd-8914-e5c7-d543d1bb82c8', 21.26, 1),
        ('2b66e64e-c850-6598-e5df-7bbee18152f8', 'fce1d96a-6a07-4559-cff6-dd6efde758ae', 'db9438c9-0c40-41f8-1c9b-ea28e911b6f8', '65124e1e-c726-823c-3738-47cb31de03c8', 9.43, 1),
        ('2c84ab2f-fe0d-b69d-b01f-8ebfc0b037da', 'fce1d96a-6a07-4559-cff6-dd6efde758ae', '73633e27-c46b-3495-b612-e42491231812', 'f508727a-7fd1-4b4c-53f5-7cbca505044b', 13.60, 1),
        ('2dd9a4f9-1b30-cff7-9139-1b86639e2e0b', 'fce1d96a-6a07-4559-cff6-dd6efde758ae', 'bccc11f4-1ff6-fd7a-21c0-9a32c1510531', '07bb40b7-3511-69af-4161-e26a5e01cf18', 15.62, 1),
        ('2e476c61-f4fb-6e28-742a-029b926a2cd1', 'fce1d96a-6a07-4559-cff6-dd6efde758ae', '180cdae3-af5b-b9a7-eddd-104a7df630bc', '096ca0bb-ec58-e9ed-0829-355c5c326499', 7.28, 1),
        ('2e81428c-784f-4acd-34ec-b49469eeb2f8', 'fce1d96a-6a07-4559-cff6-dd6efde758ae', 'fdc04d05-ccf9-5225-f715-fbd36721dc6b', '403e9403-2340-8c6a-cf4c-225004dc02fb', 18.79, 1),
        ('2eb3df49-3fca-3e08-a88d-7441d0d0dfbb', 'fce1d96a-6a07-4559-cff6-dd6efde758ae', '2d5ba6a4-1721-2dd3-4057-35c1f7b01b71', '8865ae25-3178-ab99-bbd2-ef977cfa386d', 20.25, 1),
        ('2eddb348-728b-0aeb-29c7-febace09364b', 'fce1d96a-6a07-4559-cff6-dd6efde758ae', '096ca0bb-ec58-e9ed-0829-355c5c326499', '089e2367-466d-ed25-657e-a974c93ab93a', 17.89, 1),
        ('2f228495-9639-50c2-0ac0-dc5fb7bfa53e', 'fce1d96a-6a07-4559-cff6-dd6efde758ae', '28cca37c-4c22-0836-a8f5-547282e2aa4f', '18265c4d-ee47-8989-9680-e61c5a449440', 13, 1),
        ('2fe82b0d-cfe0-8727-7329-bfb8efe18754', 'fce1d96a-6a07-4559-cff6-dd6efde758ae', 'c0559a14-414e-4313-7fe0-372349723f8f', 'b69bd5f1-2ef8-a756-c6f9-15ce07c9f200', 17.49, 1),
        ('30c275fb-5913-046d-6028-7d1b200956ae', 'fce1d96a-6a07-4559-cff6-dd6efde758ae', '341f78fa-e9d2-6161-ee0c-525da2b4aa98', '09b85b35-e5b4-2c11-fb9f-f5eb621f1aa1', 20, 1),
        ('31c4e8ef-4e42-b3b9-b039-8c7fab24eb6f', 'fce1d96a-6a07-4559-cff6-dd6efde758ae', '5426c7cc-7083-d00c-cc6d-cc774971c5ba', 'fdc04d05-ccf9-5225-f715-fbd36721dc6b', 2.24, 1),
        ('3222041c-bcf4-6cf9-e25a-358b05393b78', 'fce1d96a-6a07-4559-cff6-dd6efde758ae', 'c3c2e12e-5af9-a84b-45cc-077707fe4b5c', 'cdacbc61-b35b-8e1d-ab4a-18b411520288', 19.10, 1),
        ('345470e9-71ef-8142-cdae-9244c6583f0e', 'fce1d96a-6a07-4559-cff6-dd6efde758ae', 'fcfb51d9-7086-9fe7-9776-85a66cb19562', '25616f2f-6bc7-a5e9-37f6-fbffc9343cc4', 16.76, 1),
        ('36605cc7-e207-c253-dee5-e006491d1229', 'fce1d96a-6a07-4559-cff6-dd6efde758ae', '6aba0610-50e1-d2c1-5eee-b6ec948e670c', 'f787e061-2e28-8063-f709-2dd5bf5e490b', 14.87, 1),
        ('379ba4b3-5ce9-4d76-9624-bd9f0b9a28b0', 'fce1d96a-6a07-4559-cff6-dd6efde758ae', 'a1e2f12c-08f9-7fde-3775-6eb30d109817', '1dfad5a4-0633-0adc-1784-583b2cf81a61', 21.93, 1),
        ('37f4c2e4-3aff-4a25-4351-2fde9eacbfec', 'fce1d96a-6a07-4559-cff6-dd6efde758ae', '1fdb158a-2732-1c4b-fb56-74865778bea1', '12227783-a2a8-35eb-4892-db46933d62f5', 23.02, 1),
        ('3968e6ab-a61b-9678-cf00-f862e5b88613', 'fce1d96a-6a07-4559-cff6-dd6efde758ae', 'e99a983c-748a-0a90-09df-ac868b5b3bca', '424f5b70-5683-0380-b628-cabfffa97abf', 12.37, 1),
        ('39bb30f8-a1af-8fea-bd2d-2f2b39324bb8', 'fce1d96a-6a07-4559-cff6-dd6efde758ae', '5e11fa4a-9883-0e26-c833-54b773f2271b', '3112d28d-e548-6eb1-fcb5-82631a63f8b7', 10.05, 1),
        ('39ced7b0-f6a3-c40f-534f-4c15b9bf123f', 'fce1d96a-6a07-4559-cff6-dd6efde758ae', 'cfb0600d-d561-fde7-7871-f95546e805a8', '46a83663-bf7d-b5b8-605f-f9b495e245de', 12.04, 1),
        ('3a88b358-171c-8b77-7d13-aa5dfe2dacf0', 'fce1d96a-6a07-4559-cff6-dd6efde758ae', '8c97824d-b830-09c2-3bbb-4a16d2df6678', '180cdae3-af5b-b9a7-eddd-104a7df630bc', 28.60, 1),
        ('3a9634d8-959c-f677-c49f-c35a0587d000', 'fce1d96a-6a07-4559-cff6-dd6efde758ae', 'ec1cb939-3664-bcd6-3a2a-7218fb55853f', 'e275bb2d-5601-9239-9134-0498ffe4539c', 22.47, 1),
        ('3b6cc208-0864-ddf6-4a86-314198d954fb', 'fce1d96a-6a07-4559-cff6-dd6efde758ae', '77803f70-36fb-3c2c-0f43-5a23735eec7f', 'cfad393b-68d9-3ecf-1bd1-d6afa2ebd612', 25, 1),
        ('3b974abf-112b-4c63-39b9-951c7c6209a4', 'fce1d96a-6a07-4559-cff6-dd6efde758ae', 'd0c1cfc1-bedd-804c-3dec-8f3141fc87ab', '1fdb158a-2732-1c4b-fb56-74865778bea1', 19.31, 1),
        ('3bc974cc-345f-a39c-4f42-59f515b258c4', 'fce1d96a-6a07-4559-cff6-dd6efde758ae', '4ac45a98-532c-d221-4222-08c4fa716dd3', 'd5d8b8f4-ff82-dce2-ed71-b85d7ecfd550', 19.03, 1),
        ('3db09445-abfb-9188-042f-fc1b64bab995', 'fce1d96a-6a07-4559-cff6-dd6efde758ae', 'b6e304ec-2fc7-7f2f-85e3-46522466aa9f', '62c375cf-d960-7514-95a1-fd4921a429d7', 18.38, 1),
        ('3e335677-20ae-3bf8-217a-950517fa39da', 'fce1d96a-6a07-4559-cff6-dd6efde758ae', '9d281e0e-5b87-89c0-1c08-9abd756af04d', '0cf2206c-3121-bead-603e-732d65afb45a', 12.04, 1),
        ('3f616bd2-40c3-aad9-f378-3d4e25423d76', 'fce1d96a-6a07-4559-cff6-dd6efde758ae', 'efe073f9-024f-02a4-3717-3463c38e84cc', 'd8284f74-d6b9-c16e-8780-a24e86cce604', 188.56, 2),
        ('3f9f48f4-8d10-0cce-5c3a-2ed9883349ed', 'fce1d96a-6a07-4559-cff6-dd6efde758ae', '1a8f946c-45c9-a901-bca5-89e5b2ca50c5', 'f2cc3d4a-bcab-2f43-eb60-6952bdb5b6ca', 21.02, 1),
        ('3fc02318-a716-ef64-b607-1b4041fe907b', 'fce1d96a-6a07-4559-cff6-dd6efde758ae', '8a439081-d7a3-69d7-3630-1b2e128f2e19', 'f333f8f9-5ad1-4557-c360-195a7a7046a8', 13.60, 1),
        ('40339388-f3df-fc1b-2f4f-546ef7bc54dc', 'fce1d96a-6a07-4559-cff6-dd6efde758ae', 'f508727a-7fd1-4b4c-53f5-7cbca505044b', '4460839a-560c-dbe2-1581-01ac50822553', 13.60, 1),
        ('417f4c49-7b77-eda6-1297-57f1f4e56d9d', 'fce1d96a-6a07-4559-cff6-dd6efde758ae', '089f20b7-3331-72bc-a21c-d75d10d1ee48', 'db28df9e-f26b-b1fb-edda-e7746189dd4d', 12.04, 1),
        ('41901717-1f70-e4f5-bad6-c30a0e174755', 'fce1d96a-6a07-4559-cff6-dd6efde758ae', '31358662-db0c-6998-8479-d6019d01820c', '00e5a8d0-7876-ad3d-cb05-e92048a97a6d', 14.87, 1),
        ('423a7802-490f-d198-2196-68c5494015d3', 'fce1d96a-6a07-4559-cff6-dd6efde758ae', '4dd27e1f-7f5d-925a-3361-f5f48421167d', '9f64c048-0df3-a47d-4f94-db2647a500ad', 9.06, 1),
        ('42de13d4-b857-3798-b917-52127fd140b7', 'fce1d96a-6a07-4559-cff6-dd6efde758ae', '44203677-b263-d827-1afe-457e2a710c32', '4ffbf280-3e8d-0ddd-db5b-6a5ca002d04c', 8.06, 1),
        ('43410806-b07e-6d37-f309-fce17b611364', 'fce1d96a-6a07-4559-cff6-dd6efde758ae', '837f814c-0a1f-31ad-0857-07af1987e96c', '12643cf0-4d9c-ddf1-0a88-6a00ad5d598e', 5.39, 1),
        ('455a7c01-3631-3c22-2c81-c3ff59a5349e', 'fce1d96a-6a07-4559-cff6-dd6efde758ae', '577d03e5-f176-f2cd-ea2c-49db50a9e561', '480d8a5e-b8a0-776b-cb77-d75ae8b1bedc', 18.38, 1),
        ('476e8695-e1fa-f37c-b2ad-47d83652cd6a', 'fce1d96a-6a07-4559-cff6-dd6efde758ae', '25616f2f-6bc7-a5e9-37f6-fbffc9343cc4', 'ebcefc46-1fd1-9158-909d-b3e3cf7d14ba', 12.53, 1),
        ('48dc584b-dd1c-c997-09ce-e1ccfd06f956', 'fce1d96a-6a07-4559-cff6-dd6efde758ae', '09b85b35-e5b4-2c11-fb9f-f5eb621f1aa1', '3cab4164-0978-1930-eb55-ab5e85e3fd9d', 6.40, 1),
        ('4909a895-5cdd-c6b1-cb02-8441eaf7b995', 'fce1d96a-6a07-4559-cff6-dd6efde758ae', 'e2a7b5ee-f1ab-64bd-1e6b-1413d80ac87b', '400b0913-7b7f-ffc5-9170-b002d637f3d5', 16.55, 1),
        ('493d97a1-f848-83c1-7d81-0e27ba69cd79', 'fce1d96a-6a07-4559-cff6-dd6efde758ae', 'bad0c9ec-473a-3c38-0a27-bf2ddfb34e28', '07369afb-7ee6-6f42-7943-c2e1a3d491c8', 26.63, 1),
        ('4aaf039a-f8f1-52c5-fe60-2ccfc4369534', 'fce1d96a-6a07-4559-cff6-dd6efde758ae', 'a52631c2-8bb9-1a20-9018-ce67ddac2e9b', '63b6df00-007d-fb7e-3074-337f9aa9e047', 19.42, 1),
        ('4c4cd37b-173c-f014-a1c1-de9931e62a98', 'fce1d96a-6a07-4559-cff6-dd6efde758ae', 'ac353552-7cc4-df25-bd97-698519dff2cb', '4e779cf5-ccc5-26c6-a50e-a9cde419a2c1', 17.46, 1),
        ('4d0a0fc5-628f-70c0-789e-7a4f010620eb', 'fce1d96a-6a07-4559-cff6-dd6efde758ae', 'eeafc8f0-516e-fddd-07cc-70129786a3e0', '62fb6518-a480-30e8-eafc-5dd385074bbc', 15.81, 1),
        ('4d6738f4-35f2-8413-0b01-30f3846d67ae', 'fce1d96a-6a07-4559-cff6-dd6efde758ae', '92e48f1d-010d-fc73-75c3-70f8e51a9e1e', '3f2664e7-602c-b174-e053-4dc15201b3a4', 23.09, 1),
        ('4d67f856-8fa8-ef47-2f5d-62e2c5fb5994', 'fce1d96a-6a07-4559-cff6-dd6efde758ae', '1dfad5a4-0633-0adc-1784-583b2cf81a61', 'bad0c9ec-473a-3c38-0a27-bf2ddfb34e28', 15.23, 1),
        ('4e0ea540-e978-63b4-0ed3-79e1c2d5d2a0', 'fce1d96a-6a07-4559-cff6-dd6efde758ae', '2341fb97-d41d-fe1a-de68-f28179c3dca0', 'ac353552-7cc4-df25-bd97-698519dff2cb', 20.02, 1),
        ('4e6e3d15-d369-25c1-a0f8-8d057b66d954', 'fce1d96a-6a07-4559-cff6-dd6efde758ae', '18265c4d-ee47-8989-9680-e61c5a449440', 'd13c65c4-8933-8e6d-9aff-e343b941a162', 15.62, 1),
        ('4f9e2cd9-15ca-1dbb-8f18-9892860c1669', 'fce1d96a-6a07-4559-cff6-dd6efde758ae', '903fb301-c610-7c43-3f1c-6c7dd7951f64', 'fc35aa95-2ada-2240-9ae4-18a69cda5e99', 19.85, 1),
        ('5153b46a-a6cd-910e-4bfe-1e6a3c84fc1c', 'fce1d96a-6a07-4559-cff6-dd6efde758ae', '2d5ba6a4-1721-2dd3-4057-35c1f7b01b71', '5cded026-9966-24b9-bd3d-0bc1d3a0e3e1', 179.25, 2),
        ('5287d636-9db9-26ed-57f9-9b3f8e3f0b65', 'fce1d96a-6a07-4559-cff6-dd6efde758ae', '5bf361f3-0cfb-9450-5d93-8c76e0fb4e16', '8f0bd3ba-baa5-22a7-67b5-0ee7ef9be9e8', 18.87, 1),
        ('52ec10ab-a3c0-f15f-cc2b-064746b9d05b', 'fce1d96a-6a07-4559-cff6-dd6efde758ae', '3301470b-85f5-971f-f606-11ca73266b54', 'db9438c9-0c40-41f8-1c9b-ea28e911b6f8', 17.72, 1),
        ('55cc31f4-4793-1793-7985-966bb266acb5', 'fce1d96a-6a07-4559-cff6-dd6efde758ae', 'f569ae2c-0649-ead3-b201-36a2e5792fa9', '57732e3a-5da6-846f-2a91-08ea7466545d', 162.81, 2),
        ('56fab991-e39d-f24c-1300-3d604160b795', 'fce1d96a-6a07-4559-cff6-dd6efde758ae', '3435060f-7fca-c6c1-4932-2b6a91cc375c', '16803d40-d51c-2d86-05ca-e5eeb413f99a', 6.32, 1),
        ('57fedefe-d810-dafd-635a-b60f6da4508b', 'fce1d96a-6a07-4559-cff6-dd6efde758ae', 'efe073f9-024f-02a4-3717-3463c38e84cc', '3301470b-85f5-971f-f606-11ca73266b54', 19.85, 1),
        ('58b4dee7-d091-c03a-9ddf-828fdd27282d', 'fce1d96a-6a07-4559-cff6-dd6efde758ae', 'c877620b-0870-bc16-e81e-4cb92ab57f4a', 'f736004c-178c-ed73-4236-059b211967a7', 12.17, 1),
        ('58b50df7-a483-a7d5-85fc-8207e143db65', 'fce1d96a-6a07-4559-cff6-dd6efde758ae', 'd8a6678d-caab-c26e-80d7-125ea4e1119c', 'f5d645ac-62f5-de46-9a57-66147bcf926f', 17.72, 1),
        ('59152af5-9250-01a7-740e-249b686d9fc8', 'fce1d96a-6a07-4559-cff6-dd6efde758ae', '17cc5a54-6b31-c4f6-e77f-b66d769bb086', 'f51fa452-6c52-0b38-973f-5c6365074af7', 16.16, 1),
        ('5a362a79-ded4-ef27-a9bb-9d51cdd91a4c', 'fce1d96a-6a07-4559-cff6-dd6efde758ae', 'fc6ceb6c-4529-be37-70f2-77e36834f06c', 'e710b3c4-a347-0f3e-769a-e1d773d72e7a', 18.60, 1),
        ('5b075d85-9d67-7d2f-d13a-d10b2e589865', 'fce1d96a-6a07-4559-cff6-dd6efde758ae', 'a45c0024-ccd1-c0cd-c063-20a9e7d85ca9', 'd2885f90-5d01-2989-4fa8-0e48e06d3138', 14.32, 1),
        ('5b35139f-f281-9cc9-142e-a2bde8768c70', 'fce1d96a-6a07-4559-cff6-dd6efde758ae', 'b939e4fc-f757-146c-3211-c98962b21246', '80d05deb-e24f-37e4-1bd8-fc3f6037628c', 13.34, 1),
        ('5cd16fed-2f25-2cdd-6cbb-bdb1e5012b05', 'fce1d96a-6a07-4559-cff6-dd6efde758ae', 'd2816f38-0bf2-79a3-e095-8d4f5ee27baf', '519fb8e3-bdb7-9560-f928-3bf8c148aab0', 16, 1),
        ('5e516fba-e146-ac5f-d662-3d7562837703', 'fce1d96a-6a07-4559-cff6-dd6efde758ae', 'b107f4c8-1649-ee7b-70bd-06c99e9a448e', '49e8c084-dff6-68bb-94d0-cbd4830bc9be', 27.73, 1),
        ('5e57c31b-9882-ae38-dfe3-f493f12e981f', 'fce1d96a-6a07-4559-cff6-dd6efde758ae', 'fddf9f03-0417-7a36-19f3-f8bb1a2ac604', '7cdc4260-dd4d-a50a-298d-79ca8a800c81', 15.26, 1),
        ('5eb54fdc-31f0-632e-0a2e-b188fabb0323', 'fce1d96a-6a07-4559-cff6-dd6efde758ae', '5f1619ba-29b3-a376-838e-432d313f4222', '0547ce2e-cef4-d1c2-3c5a-bccfaa9c0659', 20.22, 1),
        ('60118933-1f3b-d6b0-99c0-0f5cb89ee24d', 'fce1d96a-6a07-4559-cff6-dd6efde758ae', 'ebcefc46-1fd1-9158-909d-b3e3cf7d14ba', '6fb24bfe-378d-89d2-e4cd-8cfee971d4e3', 16.28, 1),
        ('617477c8-a11c-4e6d-6112-2591cca3a920', 'fce1d96a-6a07-4559-cff6-dd6efde758ae', 'e3d9ff81-245a-14e6-2093-c9da47f6d704', 'b107f4c8-1649-ee7b-70bd-06c99e9a448e', 11.70, 1),
        ('62916782-d759-bc9f-33ad-b96bed782f11', 'fce1d96a-6a07-4559-cff6-dd6efde758ae', '33428d50-70e7-bb24-7578-82851d28abc5', '14adec8c-61f9-4e9b-325c-db0e5ff2f6d8', 18.60, 1),
        ('6358dc58-2897-4fe8-b41d-2796514dd021', 'fce1d96a-6a07-4559-cff6-dd6efde758ae', 'ff8d8dc2-fe47-c40e-5f88-53824366878b', 'ec2b9806-1597-2aaa-01e8-1af5cb7a1969', 23.02, 1),
        ('67d572da-6b6c-8f5f-265f-842a32bb7ada', 'fce1d96a-6a07-4559-cff6-dd6efde758ae', '6bf2bbcf-7699-9d4e-b9ed-8fea9936cd5b', '8ebce10a-a9ea-e8b2-7d60-a7812e66bd3c', 9, 1),
        ('67f2e352-c8ea-4924-20d4-4b72bd33cfbb', 'fce1d96a-6a07-4559-cff6-dd6efde758ae', '1d5afef4-b712-fd17-143d-c4dc624cdfda', 'b8888cb3-d60c-de16-6efa-8a88a792f1dd', 22.09, 1),
        ('68026a34-7d2e-ad90-48aa-2a7b5d1b5f1e', 'fce1d96a-6a07-4559-cff6-dd6efde758ae', '91e4dcf9-e7d9-5811-6ced-b4a37ec694a2', '31358662-db0c-6998-8479-d6019d01820c', 15, 1),
        ('68283d9c-dc73-fd94-29e1-65c56716242e', 'fce1d96a-6a07-4559-cff6-dd6efde758ae', 'af749f5e-3da3-0d47-aaf6-d744a35eddee', 'eeafc8f0-516e-fddd-07cc-70129786a3e0', 18.79, 1),
        ('692919aa-07a1-4c1b-20ec-39fee52b387e', 'fce1d96a-6a07-4559-cff6-dd6efde758ae', '2d370dfc-5568-b825-598f-991f9be4c5e9', 'd0c1cfc1-bedd-804c-3dec-8f3141fc87ab', 22.47, 1),
        ('69a90d77-58ad-92ce-fbf5-62bf666df1aa', 'fce1d96a-6a07-4559-cff6-dd6efde758ae', 'cfad393b-68d9-3ecf-1bd1-d6afa2ebd612', '28cca37c-4c22-0836-a8f5-547282e2aa4f', 7, 1),
        ('6a11eedd-63a2-744e-c86e-18cf443d3088', 'fce1d96a-6a07-4559-cff6-dd6efde758ae', '7cd0f35f-c0ba-a975-c18c-d89517804dc8', '4e263b99-0150-19f0-986d-5b08e88c938e', 16.40, 1),
        ('6a3dea9a-02a9-1f25-a767-b41d7d264143', 'fce1d96a-6a07-4559-cff6-dd6efde758ae', '8ebce10a-a9ea-e8b2-7d60-a7812e66bd3c', 'ff8d8dc2-fe47-c40e-5f88-53824366878b', 13, 1),
        ('6cc5f24a-b766-92d8-22b1-673e0e2ad766', 'fce1d96a-6a07-4559-cff6-dd6efde758ae', 'e275bb2d-5601-9239-9134-0498ffe4539c', 'b73f5854-cd35-8498-df0c-31796083289f', 11.18, 1),
        ('6d21f4af-03fc-6712-c987-ddf87e36e116', 'fce1d96a-6a07-4559-cff6-dd6efde758ae', '0a78245c-ca90-cc73-6d48-6f770e3a6b9a', '4f356d16-5a11-8472-1c88-87a1ce16463f', 16.03, 1),
        ('6dd9a6fa-b514-f4cb-2b57-a7af295e9412', 'fce1d96a-6a07-4559-cff6-dd6efde758ae', '3112d28d-e548-6eb1-fcb5-82631a63f8b7', 'd9d9d8f7-b5bd-11ef-6195-da793962da5b', 188.45, 2),
        ('6e50c317-2e02-b9e8-a9a0-76bfa15dd8bc', 'fce1d96a-6a07-4559-cff6-dd6efde758ae', 'e805bbec-fd0d-8b66-395d-e409c42b572e', '4dd27e1f-7f5d-925a-3361-f5f48421167d', 14.87, 1),
        ('6f3ff604-5521-4ead-74b6-0ec76ab17c19', 'fce1d96a-6a07-4559-cff6-dd6efde758ae', '3cab4164-0978-1930-eb55-ab5e85e3fd9d', 'a8ddedfa-4646-c088-c60b-2c788c7b8d7e', 20.62, 1),
        ('70d97726-75b5-acfb-9d04-2118bfc2d39a', 'fce1d96a-6a07-4559-cff6-dd6efde758ae', '65a5d9dc-6bce-adc8-f783-6854b2306f2f', '8da7a290-9ee2-ba80-a195-f04756a7559b', 14.87, 1),
        ('70e0c865-f3b6-25cd-29bf-730297074c3a', 'fce1d96a-6a07-4559-cff6-dd6efde758ae', '6cbae8ac-a1c6-fbd7-4a3d-0245b0e49b1d', '6fe6dd4a-e8e7-9c33-74e4-7dd198b87315', 19.70, 1),
        ('717f75bb-621a-e1b6-7c3e-6eb0f734d90b', 'fce1d96a-6a07-4559-cff6-dd6efde758ae', '9436767c-b2fd-0e3c-34ca-2181b42ad8c3', '8c51b96a-26ae-3598-0044-aa107e451c03', 26.42, 1),
        ('73f5e157-6454-2ee9-2078-372baf2a7260', 'fce1d96a-6a07-4559-cff6-dd6efde758ae', '6bf7bc3c-4384-a013-ce1d-41704b67777d', '837f814c-0a1f-31ad-0857-07af1987e96c', 19.21, 1),
        ('746d882d-b558-c84e-fd45-061797712849', 'fce1d96a-6a07-4559-cff6-dd6efde758ae', '8189c373-66d5-574b-ac07-5b19a5e629e1', '5cf41039-09aa-695f-4633-2fe0852754c1', 22.02, 1),
        ('764c6ede-6eae-16d0-6780-e14306c55252', 'fce1d96a-6a07-4559-cff6-dd6efde758ae', '62fb6518-a480-30e8-eafc-5dd385074bbc', '5bf361f3-0cfb-9450-5d93-8c76e0fb4e16', 11.05, 1),
        ('779fc36a-8555-72a0-f705-e9de666e1380', 'fce1d96a-6a07-4559-cff6-dd6efde758ae', '6de24303-2aee-afdf-9680-de9068536e42', '855e0b59-9afc-6197-efe6-43f9ca534a90', 12.65, 1),
        ('77e94253-8e73-348a-d116-aa45d5421f32', 'fce1d96a-6a07-4559-cff6-dd6efde758ae', '2341fb97-d41d-fe1a-de68-f28179c3dca0', '46a83663-bf7d-b5b8-605f-f9b495e245de', 171.14, 2),
        ('7878d68c-464c-021a-2693-d6c51ff1fa4f', 'fce1d96a-6a07-4559-cff6-dd6efde758ae', 'f76d6b98-027b-aecd-b037-fa56e0f3c92a', '25a929a5-d489-46f9-6f74-8c301d0da059', 12.81, 1),
        ('7932ed46-f30a-04df-28a5-fec177ecef1d', 'fce1d96a-6a07-4559-cff6-dd6efde758ae', 'ab234ec8-288b-1226-4129-5aa02c03d769', '7cd0f35f-c0ba-a975-c18c-d89517804dc8', 23.77, 1),
        ('79b662d2-5aac-eeca-4d4b-d28467a6345b', 'fce1d96a-6a07-4559-cff6-dd6efde758ae', '909330af-8e8b-6d9e-033a-be06d7cd8bb5', 'd8a6678d-caab-c26e-80d7-125ea4e1119c', 20.81, 1),
        ('7af861bf-f47c-f5f5-47de-b3e19b2a4417', 'fce1d96a-6a07-4559-cff6-dd6efde758ae', '6e91e513-06fb-4631-9a65-e14cc7cb9e5d', '18ed77bf-f26c-c252-a45d-2400ed3a27c0', 20.62, 1),
        ('7ca8b8ed-3840-cc64-5dfe-4d537c078562', 'fce1d96a-6a07-4559-cff6-dd6efde758ae', 'e710b3c4-a347-0f3e-769a-e1d773d72e7a', '2c487c42-ae19-5b5c-222a-1b8f717674f0', 217.00, 2),
        ('7cd56ba8-d78e-2a0e-5827-7031a83020e7', 'fce1d96a-6a07-4559-cff6-dd6efde758ae', '75c87925-310c-5622-1937-92c215d8a570', 'fcfb51d9-7086-9fe7-9776-85a66cb19562', 10, 1),
        ('7d4b4887-9dc6-2642-2fdc-323d5093b777', 'fce1d96a-6a07-4559-cff6-dd6efde758ae', '57732e3a-5da6-846f-2a91-08ea7466545d', '44203677-b263-d827-1afe-457e2a710c32', 17.46, 1),
        ('7f01bed7-5d41-52cc-d111-b945b310b762', 'fce1d96a-6a07-4559-cff6-dd6efde758ae', '34b0abaf-c73e-fcce-6134-6faadab64193', 'ccc335bb-f291-047c-1cb0-1c2864e28112', 20.25, 1),
        ('7f784b4f-3201-53de-3bd7-7532f5449bec', 'fce1d96a-6a07-4559-cff6-dd6efde758ae', '5a84bb49-55b8-d010-205a-b05023cfec4e', '23fcce49-5ffb-57e2-d243-9d239a8df7b8', 2.83, 1),
        ('7f963aa3-f1b2-032d-8dd5-36bb6813d534', 'fce1d96a-6a07-4559-cff6-dd6efde758ae', 'd13c65c4-8933-8e6d-9aff-e343b941a162', '57732e3a-5da6-846f-2a91-08ea7466545d', 17.03, 1),
        ('8082f5be-1e4a-cb9e-d876-a408df957716', 'fce1d96a-6a07-4559-cff6-dd6efde758ae', '104349f2-cb9f-63fe-f954-6c8c88bb7904', 'dedcc523-d7c8-8cf7-4552-69a99082cce1', 5, 1),
        ('810cb873-990b-3a91-b4b7-1bba55b2cdaf', 'fce1d96a-6a07-4559-cff6-dd6efde758ae', '12227783-a2a8-35eb-4892-db46933d62f5', '773987be-2c6e-e9b1-05ec-16c7c47deb9a', 20.40, 1),
        ('829f5466-4623-e13e-0f0b-9611710b3f8e', 'fce1d96a-6a07-4559-cff6-dd6efde758ae', '4460839a-560c-dbe2-1581-01ac50822553', '987aec47-2c29-5566-4972-dbef06967ea5', 12.04, 1),
        ('8394ee20-bdd6-0c8e-79d6-7e7803b421d1', 'fce1d96a-6a07-4559-cff6-dd6efde758ae', 'd7059039-3ccb-6a91-b09c-aaeda94a94a4', 'f529de0f-2e42-af44-cd6b-ab74e5777286', 14.42, 1),
        ('8467fd1e-d85b-e316-a384-bdf3bfb2d30f', 'fce1d96a-6a07-4559-cff6-dd6efde758ae', '480d8a5e-b8a0-776b-cb77-d75ae8b1bedc', '46d27969-3b8c-07ba-b8a7-69a6f2fc1e81', 13.89, 1),
        ('84ea1440-52a5-0e52-9c70-1e47e92b0dad', 'fce1d96a-6a07-4559-cff6-dd6efde758ae', '0b59fdf8-03ec-1b70-f11a-0f0c4ee32aa4', '577d03e5-f176-f2cd-ea2c-49db50a9e561', 15.23, 1),
        ('86b05418-7f0b-d757-a4be-480bf27c0575', 'fce1d96a-6a07-4559-cff6-dd6efde758ae', '45f04306-dc14-1cb0-e4de-a8b16ee6fe3a', '2b890aab-e0ed-ecde-abe5-752e5fb36720', 23.77, 1),
        ('86c77d68-be90-0033-562a-bc1ecea57b4e', 'fce1d96a-6a07-4559-cff6-dd6efde758ae', '9519bcf9-d9b4-b27f-376b-315e6e0ea134', '2d370dfc-5568-b825-598f-991f9be4c5e9', 12.17, 1),
        ('877975fd-f748-230d-3b2d-b7935cb5ab50', 'fce1d96a-6a07-4559-cff6-dd6efde758ae', '49e8c084-dff6-68bb-94d0-cbd4830bc9be', '17a3e1d5-35f9-1ea2-6f4e-19aed7b29d46', 24.17, 1),
        ('8be08f0c-c45c-bec6-fd6f-a650be90e230', 'fce1d96a-6a07-4559-cff6-dd6efde758ae', '46447763-fae6-884f-0010-b97234b55511', 'f7f7ea77-924e-d573-aec5-71f84ed41d98', 9.43, 1),
        ('8bf62437-2b02-c4b8-2172-e1ca4e5da6b8', 'fce1d96a-6a07-4559-cff6-dd6efde758ae', 'e710b3c4-a347-0f3e-769a-e1d773d72e7a', '22430cfa-d633-73ae-6bc7-57b7393b1ae3', 19.70, 1),
        ('8c406197-f53c-2c9a-9fc8-ba56e40ddf60', 'fce1d96a-6a07-4559-cff6-dd6efde758ae', 'd14a0f17-6559-6b36-e313-6c44627827f4', '65a5d9dc-6bce-adc8-f783-6854b2306f2f', 19.70, 1),
        ('8c43105e-6553-d15f-e500-fd9a4e3740f2', 'fce1d96a-6a07-4559-cff6-dd6efde758ae', 'eef94f62-95c1-8fe2-e5c5-cbfa5a36f04b', 'a506b359-e26d-307c-b095-6b965250c8ee', 21.02, 1),
        ('8cf4b3e8-74d9-6f48-5d58-4332c12357db', 'fce1d96a-6a07-4559-cff6-dd6efde758ae', '9e169ed1-fcb1-cc8f-6393-c71cfde47a7b', '58678c36-0d4f-c6f8-5b67-994eafd7003f', 24.41, 1),
        ('8d977cb9-8f45-18ef-a165-979c1f12671c', 'fce1d96a-6a07-4559-cff6-dd6efde758ae', '987aec47-2c29-5566-4972-dbef06967ea5', 'dedcc523-d7c8-8cf7-4552-69a99082cce1', 224.51, 2),
        ('8e56c340-bfb6-e3c0-76d8-1b874eaa88b6', 'fce1d96a-6a07-4559-cff6-dd6efde758ae', '14474204-afba-bcc6-7be0-030ffd484064', '77803f70-36fb-3c2c-0f43-5a23735eec7f', 13.45, 1),
        ('8e56e8bf-7b57-0dea-8a9d-9be9e0994135', 'fce1d96a-6a07-4559-cff6-dd6efde758ae', '582d689d-c8cd-77c4-95cf-a673db56d9fe', 'b65e5383-9a97-dc0b-e4af-327b5cd5f784', 19.24, 1),
        ('8f0141b5-5591-ac52-855f-b6edfaa2c5d9', 'fce1d96a-6a07-4559-cff6-dd6efde758ae', '17a3e1d5-35f9-1ea2-6f4e-19aed7b29d46', '76e9249e-c4c3-de34-2ac0-2103651399e7', 205.73, 2),
        ('8fc2df91-d33f-6752-2ff4-ae29e3a83578', 'fce1d96a-6a07-4559-cff6-dd6efde758ae', '18ed77bf-f26c-c252-a45d-2400ed3a27c0', '8d7dbf4f-86af-28d9-f2bb-4bfb87b3ae0c', 23.02, 1),
        ('90118395-5aa0-e1f4-a8b6-ada47bcfda49', 'fce1d96a-6a07-4559-cff6-dd6efde758ae', 'baf92501-8b15-9544-5d14-5486a6f7c202', 'fc6ceb6c-4529-be37-70f2-77e36834f06c', 21.54, 1),
        ('90266d9e-0344-8a1b-37aa-f925be773951', 'fce1d96a-6a07-4559-cff6-dd6efde758ae', '1002a7a1-4cfe-6a4e-1588-c5bbbed4acfa', 'e074d454-e135-cd35-6ae3-ddfba741d119', 22.80, 1),
        ('90706014-7e9d-a1ad-014a-6501dacb149a', 'fce1d96a-6a07-4559-cff6-dd6efde758ae', '11d0c8ba-2b59-4517-c72a-0a8a11006a7d', '5cded026-9966-24b9-bd3d-0bc1d3a0e3e1', 19.92, 1),
        ('9423ca45-e64c-411f-cb3d-a6f64342aab7', 'fce1d96a-6a07-4559-cff6-dd6efde758ae', '345221bd-e39f-a713-07e8-9a5887925762', '6cbae8ac-a1c6-fbd7-4a3d-0245b0e49b1d', 15.62, 1),
        ('9560f1bc-3fd6-3c65-b449-a8d2cb92e79b', 'fce1d96a-6a07-4559-cff6-dd6efde758ae', 'c445d634-fbff-bf82-013e-adc7f317ea4e', 'c7a24831-46be-1720-85e8-831fee6de23f', 1, 1),
        ('97f912a2-7653-6ffa-4045-0bdce17c073a', 'fce1d96a-6a07-4559-cff6-dd6efde758ae', '62c375cf-d960-7514-95a1-fd4921a429d7', 'ad8ebeb6-dd9c-a6ca-7f88-e2e7eafbd51f', 13.60, 1),
        ('98f83292-d1e6-b4fb-526c-7969b6154bd4', 'fce1d96a-6a07-4559-cff6-dd6efde758ae', '6fa9987d-0d7e-9c11-c38b-4489f8358dc9', 'eef94f62-95c1-8fe2-e5c5-cbfa5a36f04b', 16.40, 1),
        ('99023750-e3bd-03ff-8eeb-df8b30f49b90', 'fce1d96a-6a07-4559-cff6-dd6efde758ae', '9c9caea1-0197-42a3-d01e-2d9cfb5ada11', '23fcce49-5ffb-57e2-d243-9d239a8df7b8', 138.60, 2),
        ('9c27a959-2df4-8ba2-235a-1d88ddea652c', 'fce1d96a-6a07-4559-cff6-dd6efde758ae', '2c487c42-ae19-5b5c-222a-1b8f717674f0', 'b055fa4b-0e2d-b973-7b65-ba094de94df4', 13.93, 1),
        ('9c781d4f-6f11-f18c-b7bb-f3e67a1d905e', 'fce1d96a-6a07-4559-cff6-dd6efde758ae', 'caed944a-7438-1616-da65-e59ea0d17065', '601398f9-cca5-db2b-4e28-043b382c54a1', 20.62, 1),
        ('9ce15c88-e2c2-8598-f758-e62f87f175fb', 'fce1d96a-6a07-4559-cff6-dd6efde758ae', '14adec8c-61f9-4e9b-325c-db0e5ff2f6d8', '28b614b5-8e81-4e88-c029-e935aeda812e', 17, 1),
        ('9d3c6a5d-62db-58fb-4d4c-528a1da541ab', 'fce1d96a-6a07-4559-cff6-dd6efde758ae', '8da7a290-9ee2-ba80-a195-f04756a7559b', '5f1619ba-29b3-a376-838e-432d313f4222', 13, 1),
        ('9ddf118b-26f1-f50e-4f05-2d76274f22fb', 'fce1d96a-6a07-4559-cff6-dd6efde758ae', 'd489d1b5-7868-aa2e-7767-550fc62ef555', '83a40245-bd05-5a0c-6fec-4e6306e06082', 11.18, 1),
        ('9ef9e6e3-a0fd-93b0-eac3-75b50490af2c', 'fce1d96a-6a07-4559-cff6-dd6efde758ae', '4ffbf280-3e8d-0ddd-db5b-6a5ca002d04c', '5c818cd9-b3de-1847-2d42-ac2756355102', 18.97, 1),
        ('9f4b6732-3a6d-2f15-699f-b9febb0fa454', 'fce1d96a-6a07-4559-cff6-dd6efde758ae', '5cded026-9966-24b9-bd3d-0bc1d3a0e3e1', '2f4e4aff-f5cd-40a7-01e9-aa035e0056d0', 27.20, 1),
        ('a014580f-9b99-84cb-cb50-be1182428b75', 'fce1d96a-6a07-4559-cff6-dd6efde758ae', 'cdacbc61-b35b-8e1d-ab4a-18b411520288', '582d689d-c8cd-77c4-95cf-a673db56d9fe', 26.91, 1),
        ('a034c94b-a52f-e2f1-0559-b69710ba38d5', 'fce1d96a-6a07-4559-cff6-dd6efde758ae', 'db28df9e-f26b-b1fb-edda-e7746189dd4d', '14474204-afba-bcc6-7be0-030ffd484064', 14.21, 1),
        ('a083a1eb-17fc-823d-c4f4-e9f6330b8dfd', 'fce1d96a-6a07-4559-cff6-dd6efde758ae', '8d7dbf4f-86af-28d9-f2bb-4bfb87b3ae0c', 'ac37603f-c295-ca2e-f32d-f19be976589c', 6.08, 1),
        ('a0b92c56-3b20-757c-6eb4-2bb25c457207', 'fce1d96a-6a07-4559-cff6-dd6efde758ae', '28b614b5-8e81-4e88-c029-e935aeda812e', 'c0559a14-414e-4313-7fe0-372349723f8f', 21.02, 1),
        ('a21863cf-22fa-7cd2-9be9-e58244a9bfbc', 'fce1d96a-6a07-4559-cff6-dd6efde758ae', '1108026e-6405-53e0-c47d-09776d88c976', '8189c373-66d5-574b-ac07-5b19a5e629e1', 4.24, 1),
        ('a23407b3-53a8-075a-5e26-ff031f7f5eea', 'fce1d96a-6a07-4559-cff6-dd6efde758ae', '29a88718-cff0-2046-98a2-9a566eae3b78', 'e3d9ff81-245a-14e6-2093-c9da47f6d704', 26.40, 1),
        ('a2c157e8-31e0-a9a5-fcbf-e9effe623793', 'fce1d96a-6a07-4559-cff6-dd6efde758ae', '6fe6dd4a-e8e7-9c33-74e4-7dd198b87315', '7dccee78-888e-8063-fc38-bbd6bea2ab47', 16.12, 1),
        ('a7b9d250-766c-a26c-6237-f93331557d88', 'fce1d96a-6a07-4559-cff6-dd6efde758ae', '75a47ed9-1e2c-8f37-0c48-e076f9c4c653', '45f04306-dc14-1cb0-e4de-a8b16ee6fe3a', 28, 1),
        ('a8161acb-78e5-b18e-036d-5c48420de45b', 'fce1d96a-6a07-4559-cff6-dd6efde758ae', '65124e1e-c726-823c-3738-47cb31de03c8', 'd2816f38-0bf2-79a3-e095-8d4f5ee27baf', 17.89, 1),
        ('a8a41954-b59f-9531-77d0-4ff163e4126d', 'fce1d96a-6a07-4559-cff6-dd6efde758ae', '364a7182-2a6e-fd0c-dd99-c885ecfa9124', 'b6e304ec-2fc7-7f2f-85e3-46522466aa9f', 20, 1),
        ('a8b859de-fcc3-8fc2-c812-95bf334b6b00', 'fce1d96a-6a07-4559-cff6-dd6efde758ae', '8301c8ad-0cb2-428d-6902-f46f9918f43b', '47ff018b-90ae-f7fb-0948-0f773b0664e0', 16, 1),
        ('aa87659d-c158-b9c9-e9cb-15b644a47a5d', 'fce1d96a-6a07-4559-cff6-dd6efde758ae', '4a883b6a-01a0-ab1a-702f-eb1fd42a7a79', '9c9caea1-0197-42a3-d01e-2d9cfb5ada11', 25.24, 1),
        ('ab37c81d-3c55-93fe-7c4d-f734933b577a', 'fce1d96a-6a07-4559-cff6-dd6efde758ae', '80d6c0b3-62e5-c497-dace-66e39d5f30c1', 'd7f3021e-0c1e-87cc-bd20-1362cef163b4', 10.63, 1),
        ('ab4d3760-3967-32ca-7428-e7b7570df94b', 'fce1d96a-6a07-4559-cff6-dd6efde758ae', '12643cf0-4d9c-ddf1-0a88-6a00ad5d598e', 'f76d6b98-027b-aecd-b037-fa56e0f3c92a', 19.65, 1),
        ('ab4d9598-767a-c643-b8a4-d1dded076e9c', 'fce1d96a-6a07-4559-cff6-dd6efde758ae', '4e779cf5-ccc5-26c6-a50e-a9cde419a2c1', 'a52631c2-8bb9-1a20-9018-ce67ddac2e9b', 11.05, 1),
        ('afb1216e-45de-2f3e-2f71-87d3613ac8b3', 'fce1d96a-6a07-4559-cff6-dd6efde758ae', 'd06e0f55-cf69-0e50-a169-eb0188aab583', 'e3729e37-963b-f2e8-1d62-6e81e72ad755', 18.11, 1),
        ('b0be4f05-4546-d827-c2a2-82a017d4d13a', 'fce1d96a-6a07-4559-cff6-dd6efde758ae', 'd0d5899b-6cee-c82d-41ac-27ef7cfbacaf', '649d373b-1074-fce8-7dc7-8ad3ddf0ca3c', 31.40, 1),
        ('b1de3ff5-828c-e1aa-8d0b-a42c0657cfe3', 'fce1d96a-6a07-4559-cff6-dd6efde758ae', '9c9caea1-0197-42a3-d01e-2d9cfb5ada11', '615f506c-204a-2cc4-d0c5-487592a3493a', 9, 1),
        ('b310103c-082f-27db-43b8-07f818372b37', 'fce1d96a-6a07-4559-cff6-dd6efde758ae', '0cf2206c-3121-bead-603e-732d65afb45a', '2e2da869-9775-b354-212d-09b7f8e14161', 21.63, 1),
        ('b34cd6c2-20c2-180e-21e3-4905f269b878', 'fce1d96a-6a07-4559-cff6-dd6efde758ae', 'c138f03f-6ac7-2992-6842-672e0707b7c5', 'c877620b-0870-bc16-e81e-4cb92ab57f4a', 17.26, 1),
        ('b6236cc4-135d-6913-263d-a12a768677be', 'fce1d96a-6a07-4559-cff6-dd6efde758ae', 'bca3fe79-708c-70a7-e7f6-61fc6d9f800e', '17cc5a54-6b31-c4f6-e77f-b66d769bb086', 5.83, 1),
        ('bca68aca-843c-a226-68b2-63c61c28226b', 'fce1d96a-6a07-4559-cff6-dd6efde758ae', '519fb8e3-bdb7-9560-f928-3bf8c148aab0', 'dd914c58-0be7-a4f0-67e6-214bdfb041a7', 19.85, 1),
        ('bd0b77b6-d3db-d7fa-7e58-6f883c71d0f7', 'fce1d96a-6a07-4559-cff6-dd6efde758ae', '2f2dca3b-0375-ff55-8702-593461955cd9', 'fcb72112-5d5e-821f-ba10-7318d0f0482b', 23.60, 1),
        ('bd0e8d5c-42a9-df31-a8b9-b81b9f167446', 'fce1d96a-6a07-4559-cff6-dd6efde758ae', 'dd914c58-0be7-a4f0-67e6-214bdfb041a7', '97d67aaf-b8d4-0ba0-085f-833f8c61eaf4', 12.17, 1),
        ('bd3b70fc-a005-8ad2-28bb-875e33033676', 'fce1d96a-6a07-4559-cff6-dd6efde758ae', 'a8ddedfa-4646-c088-c60b-2c788c7b8d7e', '2f2dca3b-0375-ff55-8702-593461955cd9', 13.42, 1),
        ('bd47aa87-1532-c2d6-0085-135cce4db938', 'fce1d96a-6a07-4559-cff6-dd6efde758ae', 'b69bd5f1-2ef8-a756-c6f9-15ce07c9f200', '5fb455e2-a46e-7b65-7b6c-a7815680f42e', 18.68, 1),
        ('bdcc824f-6204-a994-e941-ecdce81b20d0', 'fce1d96a-6a07-4559-cff6-dd6efde758ae', 'fcb72112-5d5e-821f-ba10-7318d0f0482b', 'e2a7b5ee-f1ab-64bd-1e6b-1413d80ac87b', 1, 1),
        ('be8d3248-dfd8-aaee-26de-08ea2d007493', 'fce1d96a-6a07-4559-cff6-dd6efde758ae', '98e40e90-1d9c-cff5-b683-c8ef65b857a1', '6aba0610-50e1-d2c1-5eee-b6ec948e670c', 14.56, 1),
        ('beaf7d79-3f2a-0277-8680-c3b65793c0b5', 'fce1d96a-6a07-4559-cff6-dd6efde758ae', '9ea5b9c8-7a18-7e26-4049-10b89590c7ef', '2f30e260-f23e-308a-4ccd-823498201cdc', 23.77, 1),
        ('bf0c7342-56f0-7b8d-7647-0e100455a850', 'fce1d96a-6a07-4559-cff6-dd6efde758ae', '50bc3bf9-0e68-1d8d-3f62-63c1020d6392', 'bca3fe79-708c-70a7-e7f6-61fc6d9f800e', 22.80, 1),
        ('bf7b358d-7523-b0ca-5c2f-4a346336e0aa', 'fce1d96a-6a07-4559-cff6-dd6efde758ae', 'fc35aa95-2ada-2240-9ae4-18a69cda5e99', '1d5afef4-b712-fd17-143d-c4dc624cdfda', 13.93, 1),
        ('c293c574-e801-d850-3586-21c3eacb200b', 'fce1d96a-6a07-4559-cff6-dd6efde758ae', '6f34194a-77a0-63f6-02e7-f3f4ea12f752', '4a883b6a-01a0-ab1a-702f-eb1fd42a7a79', 20.02, 1),
        ('c3a82f6d-65e0-ccb1-a71b-49da1d19e9f6', 'fce1d96a-6a07-4559-cff6-dd6efde758ae', 'b6924de1-8317-a776-71e8-6c4e8e74396d', 'a3cd986d-6148-6be4-de44-a4c7875a8be9', 14.04, 1),
        ('c548e16a-3705-8983-1e87-cedbb84c7874', 'fce1d96a-6a07-4559-cff6-dd6efde758ae', '25a929a5-d489-46f9-6f74-8c301d0da059', 'a45c0024-ccd1-c0cd-c063-20a9e7d85ca9', 16.12, 1),
        ('c6ff69a7-1785-44db-ec48-9bb78bd1021c', 'fce1d96a-6a07-4559-cff6-dd6efde758ae', '400b0913-7b7f-ffc5-9170-b002d637f3d5', 'efe073f9-024f-02a4-3717-3463c38e84cc', 15.81, 1),
        ('c705f515-9494-d4a0-71a6-a3695a818ced', 'fce1d96a-6a07-4559-cff6-dd6efde758ae', 'eb912f42-70a6-5304-3a29-8d94632cb2ae', '5a84bb49-55b8-d010-205a-b05023cfec4e', 22.85, 1),
        ('c74d91a0-66b0-76e8-297c-85ef2dd769cb', 'fce1d96a-6a07-4559-cff6-dd6efde758ae', '54f99591-2fde-9a4a-e63d-7f312cf5c6b5', '6e91e513-06fb-4631-9a65-e14cc7cb9e5d', 10.63, 1),
        ('c8bd5770-f350-9685-818f-03d7bfeefcd2', 'fce1d96a-6a07-4559-cff6-dd6efde758ae', '7bb6ba83-1f57-4e36-518d-29f125f7f378', 'b602cc21-ffd3-1ada-e82f-7aa5a7327835', 13, 1),
        ('c9ccd93c-243e-1331-c2ed-15ee6f222342', 'fce1d96a-6a07-4559-cff6-dd6efde758ae', '0547ce2e-cef4-d1c2-3c5a-bccfaa9c0659', 'adb49e1a-ae7d-719c-fecb-e217f3735af7', 12.65, 1),
        ('c9ec4ede-059f-26f1-0aed-aaacef04e3dc', 'fce1d96a-6a07-4559-cff6-dd6efde758ae', '88c3ae38-8b20-d652-1837-60c479e92968', 'eeafc8f0-516e-fddd-07cc-70129786a3e0', 163.25, 2),
        ('c9f87432-d289-9046-550c-db6116c9df1c', 'fce1d96a-6a07-4559-cff6-dd6efde758ae', '089e2367-466d-ed25-657e-a974c93ab93a', '5d47d4d9-58b8-d951-a8a2-ad806163fa8e', 13.42, 1),
        ('ca31326c-f855-5e3b-77b6-9b646c615b88', 'fce1d96a-6a07-4559-cff6-dd6efde758ae', 'ccc335bb-f291-047c-1cb0-1c2864e28112', '649d373b-1074-fce8-7dc7-8ad3ddf0ca3c', 129.71, 2),
        ('ca4247e8-069d-8cc9-0d50-a38d0b55c138', 'fce1d96a-6a07-4559-cff6-dd6efde758ae', '11922f45-8138-305f-d5ac-25bbc602a8b5', '82cb9f0b-0c8c-3c94-e259-e95fdb9f8113', 19.70, 1),
        ('cac9073b-3cdc-b3f0-bc1c-fcf6e123ae43', 'fce1d96a-6a07-4559-cff6-dd6efde758ae', '8f47fcf7-a6a5-72ea-b902-3eb649842f7e', '21096f6a-4553-7740-4a94-9dbba3f980de', 22.20, 1),
        ('cb515cfe-4014-41fc-f52a-b65e1edec3de', 'fce1d96a-6a07-4559-cff6-dd6efde758ae', 'd26130d1-f0d8-ca94-812d-e078687bfe7e', '076ad1f7-54b3-43ef-c3c4-adbd81feb9eb', 10.77, 1),
        ('cbc876f2-132c-a378-ea17-b3b2a54b5367', 'fce1d96a-6a07-4559-cff6-dd6efde758ae', 'f736004c-178c-ed73-4236-059b211967a7', '46620d16-a314-b436-3a5a-2effe005b348', 25.02, 1),
        ('cc088eaf-7920-26c5-bbe1-9b883be27729', 'fce1d96a-6a07-4559-cff6-dd6efde758ae', '83a40245-bd05-5a0c-6fec-4e6306e06082', '80d6c0b3-62e5-c497-dace-66e39d5f30c1', 22.20, 1),
        ('cc7f5734-e145-904f-259f-39eeafc298fb', 'fce1d96a-6a07-4559-cff6-dd6efde758ae', '8f0bd3ba-baa5-22a7-67b5-0ee7ef9be9e8', '28d1b6fb-7a66-4486-df53-1ea25d951ec5', 19.85, 1),
        ('cdb1b3c1-2447-efcb-b2ba-4f4ef720da4d', 'fce1d96a-6a07-4559-cff6-dd6efde758ae', '86b9f8ec-aae2-0b3b-9865-ae604a018326', '903fb301-c610-7c43-3f1c-6c7dd7951f64', 236.01, 2),
        ('ceecccac-7d4b-5e68-e773-5d4cd0dfaf26', 'fce1d96a-6a07-4559-cff6-dd6efde758ae', 'ad8ebeb6-dd9c-a6ca-7f88-e2e7eafbd51f', '2341fb97-d41d-fe1a-de68-f28179c3dca0', 14.32, 1),
        ('cfc1067c-2c5f-f134-7a02-17bd2082ee37', 'fce1d96a-6a07-4559-cff6-dd6efde758ae', 'ac37603f-c295-ca2e-f32d-f19be976589c', '11d0c8ba-2b59-4517-c72a-0a8a11006a7d', 23.35, 1),
        ('d003841f-2377-9716-d23b-10efaada1ea8', 'fce1d96a-6a07-4559-cff6-dd6efde758ae', 'f333f8f9-5ad1-4557-c360-195a7a7046a8', '92e48f1d-010d-fc73-75c3-70f8e51a9e1e', 18.79, 1),
        ('d0853c30-48fb-e48c-b3bb-802e5fa6b1c6', 'fce1d96a-6a07-4559-cff6-dd6efde758ae', 'f787e061-2e28-8063-f709-2dd5bf5e490b', '61bb60df-c53d-bb54-caef-7265e497331b', 13.60, 1),
        ('d0c8fa32-62d9-0395-47fd-9552c66842b3', 'fce1d96a-6a07-4559-cff6-dd6efde758ae', 'a3cd986d-6148-6be4-de44-a4c7875a8be9', '0a78245c-ca90-cc73-6d48-6f770e3a6b9a', 16.12, 1),
        ('d1b03edf-e728-fe20-2045-a2cf3d2ae016', 'fce1d96a-6a07-4559-cff6-dd6efde758ae', 'a01f61ec-7031-4551-1071-badabb051eac', 'f569ae2c-0649-ead3-b201-36a2e5792fa9', 21.84, 1),
        ('d1f378f6-d0f7-3439-6362-2a70388f5a2f', 'fce1d96a-6a07-4559-cff6-dd6efde758ae', 'f2cc3d4a-bcab-2f43-eb60-6952bdb5b6ca', 'e99a983c-748a-0a90-09df-ac868b5b3bca', 12.17, 1),
        ('d1f5820d-ce40-7bb0-3b49-1f23f10e8a53', 'fce1d96a-6a07-4559-cff6-dd6efde758ae', '615f506c-204a-2cc4-d0c5-487592a3493a', '9ea5b9c8-7a18-7e26-4049-10b89590c7ef', 23.43, 1),
        ('d3379456-0ada-aef1-4533-6f0b4b20b529', 'fce1d96a-6a07-4559-cff6-dd6efde758ae', 'd2885f90-5d01-2989-4fa8-0e48e06d3138', 'c445d634-fbff-bf82-013e-adc7f317ea4e', 21.93, 1),
        ('d42223c6-517d-0b1a-d097-62358bdd18d8', 'fce1d96a-6a07-4559-cff6-dd6efde758ae', '2f30e260-f23e-308a-4ccd-823498201cdc', '9e169ed1-fcb1-cc8f-6393-c71cfde47a7b', 12.08, 1),
        ('d4a0545a-15c0-35ff-1aec-12415dfe6a10', 'fce1d96a-6a07-4559-cff6-dd6efde758ae', '7cdc4260-dd4d-a50a-298d-79ca8a800c81', 'af749f5e-3da3-0d47-aaf6-d744a35eddee', 22.02, 1),
        ('d4d19556-a278-b409-1a75-517f2b24a2e9', 'fce1d96a-6a07-4559-cff6-dd6efde758ae', '5d47d4d9-58b8-d951-a8a2-ad806163fa8e', '8301c8ad-0cb2-428d-6902-f46f9918f43b', 22, 1),
        ('d653b187-aa56-694e-6a55-55a47f858937', 'fce1d96a-6a07-4559-cff6-dd6efde758ae', '649d373b-1074-fce8-7dc7-8ad3ddf0ca3c', 'c138f03f-6ac7-2992-6842-672e0707b7c5', 10, 1),
        ('d6aff69d-442d-0330-a077-de28068d7c26', 'fce1d96a-6a07-4559-cff6-dd6efde758ae', '38107df5-ef20-692d-b25d-38a655763bc1', '6bf2bbcf-7699-9d4e-b9ed-8fea9936cd5b', 19.85, 1),
        ('d71ab9e9-1a6d-f3ec-118c-f2efeef8ca96', 'fce1d96a-6a07-4559-cff6-dd6efde758ae', '2e2da869-9775-b354-212d-09b7f8e14161', '76e9249e-c4c3-de34-2ac0-2103651399e7', 17, 1),
        ('d7ec43db-6653-2856-9f94-48adc0561cc0', 'fce1d96a-6a07-4559-cff6-dd6efde758ae', '07369afb-7ee6-6f42-7943-c2e1a3d491c8', '909330af-8e8b-6d9e-033a-be06d7cd8bb5', 10.30, 1),
        ('d9fdaf16-dac0-0a2a-5686-3605ddc2d305', 'fce1d96a-6a07-4559-cff6-dd6efde758ae', '7dccee78-888e-8063-fc38-bbd6bea2ab47', '86b9f8ec-aae2-0b3b-9865-ae604a018326', 14.56, 1),
        ('da4a6aae-43f2-bace-9ed9-c74aba1597df', 'fce1d96a-6a07-4559-cff6-dd6efde758ae', '5c818cd9-b3de-1847-2d42-ac2756355102', 'e3fc8f23-688b-5d1d-2a56-57f6a3ea3314', 20, 1),
        ('dab599d7-2831-ebf7-5b5d-cbfeb542791d', 'fce1d96a-6a07-4559-cff6-dd6efde758ae', '5cf41039-09aa-695f-4633-2fe0852754c1', '1002a7a1-4cfe-6a4e-1588-c5bbbed4acfa', 12.37, 1),
        ('dbd0c369-ef2c-252c-840b-c763c068996b', 'fce1d96a-6a07-4559-cff6-dd6efde758ae', '987aec47-2c29-5566-4972-dbef06967ea5', '0b59fdf8-03ec-1b70-f11a-0f0c4ee32aa4', 15.03, 1),
        ('de011767-688d-ef0a-f583-704cc734e06f', 'fce1d96a-6a07-4559-cff6-dd6efde758ae', '855e0b59-9afc-6197-efe6-43f9ca534a90', '341f78fa-e9d2-6161-ee0c-525da2b4aa98', 12.04, 1),
        ('deca197c-6f74-3303-080b-f8aeefe11948', 'fce1d96a-6a07-4559-cff6-dd6efde758ae', 'f5d645ac-62f5-de46-9a57-66147bcf926f', '48561992-1108-8e84-25ac-ad5499f4630e', 19.65, 1),
        ('df202a63-56aa-a932-7368-d5ffb1419f41', 'fce1d96a-6a07-4559-cff6-dd6efde758ae', '8c51b96a-26ae-3598-0044-aa107e451c03', 'c3c2e12e-5af9-a84b-45cc-077707fe4b5c', 19.92, 1),
        ('e1acdf19-4668-2c8c-9071-030eb94b91b5', 'fce1d96a-6a07-4559-cff6-dd6efde758ae', '306fc1c6-6844-17ad-37d4-322355f6c7bd', '6bf7bc3c-4384-a013-ce1d-41704b67777d', 10.63, 1),
        ('e255f06f-8b41-c88c-ddf7-176b76a08082', 'fce1d96a-6a07-4559-cff6-dd6efde758ae', 'c408602e-6246-c06a-d70f-1d1100b4ba51', '33428d50-70e7-bb24-7578-82851d28abc5', 12.37, 1),
        ('e256ffc7-ae6f-4d5f-e976-3240dacc286c', 'fce1d96a-6a07-4559-cff6-dd6efde758ae', '82cb9f0b-0c8c-3c94-e259-e95fdb9f8113', '96e52289-1147-7d17-aa70-ae8dc0106350', 25.08, 1),
        ('e39c3d7a-9c11-f092-c224-98c2ad31e512', 'fce1d96a-6a07-4559-cff6-dd6efde758ae', '403e9403-2340-8c6a-cf4c-225004dc02fb', '2d5ba6a4-1721-2dd3-4057-35c1f7b01b71', 19.85, 1),
        ('e3fad2ca-c1f2-1d7b-86e8-07dd58248a61', 'fce1d96a-6a07-4559-cff6-dd6efde758ae', '4e263b99-0150-19f0-986d-5b08e88c938e', '104349f2-cb9f-63fe-f954-6c8c88bb7904', 13.60, 1),
        ('e5a8769c-df32-58e3-4053-c661c7a2db5c', 'fce1d96a-6a07-4559-cff6-dd6efde758ae', '63b6df00-007d-fb7e-3074-337f9aa9e047', 'e6183de2-a207-cbee-fc5b-fc2f22d2b8f2', 23.85, 1),
        ('e6ff28b5-626f-4c9e-a520-51956d89a935', 'fce1d96a-6a07-4559-cff6-dd6efde758ae', 'ccc335bb-f291-047c-1cb0-1c2864e28112', '0eb178f4-6b05-d301-68b7-137f15c570cd', 8.25, 1),
        ('e770f68d-251d-60f1-0e92-30093bce13da', 'fce1d96a-6a07-4559-cff6-dd6efde758ae', '76e9249e-c4c3-de34-2ac0-2103651399e7', '46447763-fae6-884f-0010-b97234b55511', 17.89, 1),
        ('e79accdb-209c-7ae5-3560-81ba8b4fa0ae', 'fce1d96a-6a07-4559-cff6-dd6efde758ae', 'd8284f74-d6b9-c16e-8780-a24e86cce604', 'caa806bf-33e7-079a-55eb-fb48855bedc6', 32.65, 1),
        ('e7e68826-f93b-2fcb-d216-69c2328ae21c', 'fce1d96a-6a07-4559-cff6-dd6efde758ae', '47ff018b-90ae-f7fb-0948-0f773b0664e0', 'bccc11f4-1ff6-fd7a-21c0-9a32c1510531', 13.04, 1),
        ('e7ec4480-9dd8-c708-7a40-be8ba5b855a5', 'fce1d96a-6a07-4559-cff6-dd6efde758ae', 'ec2b9806-1597-2aaa-01e8-1af5cb7a1969', 'd06e0f55-cf69-0e50-a169-eb0188aab583', 20, 1),
        ('e7f3782b-3620-7ce3-6bfb-1255b6005327', 'fce1d96a-6a07-4559-cff6-dd6efde758ae', '6d841a7d-3641-136d-543c-01b9841898ca', 'eb7009f4-3f5e-90e2-e24a-956932b17be8', 25.50, 1),
        ('e9d659c9-a19a-83fa-bb09-527df5ac4471', 'fce1d96a-6a07-4559-cff6-dd6efde758ae', 'b8888cb3-d60c-de16-6efa-8a88a792f1dd', 'a1e2f12c-08f9-7fde-3775-6eb30d109817', 15.65, 1),
        ('e9f1816c-55b0-97ba-511c-3e4642e1c8c6', 'fce1d96a-6a07-4559-cff6-dd6efde758ae', '23fcce49-5ffb-57e2-d243-9d239a8df7b8', 'c408602e-6246-c06a-d70f-1d1100b4ba51', 21.40, 1),
        ('ea43b3b7-89a7-ebbd-b962-4a1a15d7399d', 'fce1d96a-6a07-4559-cff6-dd6efde758ae', '58678c36-0d4f-c6f8-5b67-994eafd7003f', 'd0d5899b-6cee-c82d-41ac-27ef7cfbacaf', 14.56, 1),
        ('ea9d3d91-850d-c647-604d-0685fa49d35a', 'fce1d96a-6a07-4559-cff6-dd6efde758ae', '61bb60df-c53d-bb54-caef-7265e497331b', '73633e27-c46b-3495-b612-e42491231812', 25.55, 1),
        ('eb17a260-5946-2447-5eba-cfab2a158dc9', 'fce1d96a-6a07-4559-cff6-dd6efde758ae', '96e52289-1147-7d17-aa70-ae8dc0106350', 'caed944a-7438-1616-da65-e59ea0d17065', 15.23, 1),
        ('eb6d86c6-4d89-9c42-9f29-6b3ccbf5cfe9', 'fce1d96a-6a07-4559-cff6-dd6efde758ae', '327fa8ec-10f4-6cb0-6089-beb3eb7680b1', '50bc3bf9-0e68-1d8d-3f62-63c1020d6392', 12.53, 1),
        ('ef8060ab-9c00-6c54-5f68-ea3bc7bfa678', 'fce1d96a-6a07-4559-cff6-dd6efde758ae', '410ca5ba-bddc-82ce-7981-e67ba8908492', 'b8b0ef4a-d962-881a-e9f8-4762ac8ba30a', 25.24, 1),
        ('ef891492-16f7-a36a-509f-79b598b0c673', 'fce1d96a-6a07-4559-cff6-dd6efde758ae', '86b9f8ec-aae2-0b3b-9865-ae604a018326', '7e43bbbf-0ddc-4d64-b52a-4e0913e32fa7', 15.56, 1),
        ('f043d0f5-3cee-426c-9e19-bc1e85dd3c7c', 'fce1d96a-6a07-4559-cff6-dd6efde758ae', '771f03b3-9b2b-c87f-33e5-29aca09ba429', 'e805bbec-fd0d-8b66-395d-e409c42b572e', 14.76, 1),
        ('f081f63c-79d5-24d6-7815-6aff1d8dbd71', 'fce1d96a-6a07-4559-cff6-dd6efde758ae', '23ed4ed3-596e-3001-bcb7-cc27408ed3ed', 'eb912f42-70a6-5304-3a29-8d94632cb2ae', 18.44, 1),
        ('f13a1192-27ae-9c1e-d5be-0e4139dd0153', 'fce1d96a-6a07-4559-cff6-dd6efde758ae', 'f51fa452-6c52-0b38-973f-5c6365074af7', '34b0abaf-c73e-fcce-6134-6faadab64193', 15.62, 1),
        ('f312aa7e-b6a7-4cd9-8545-362e0e928006', 'fce1d96a-6a07-4559-cff6-dd6efde758ae', 'e3fc8f23-688b-5d1d-2a56-57f6a3ea3314', '327fa8ec-10f4-6cb0-6089-beb3eb7680b1', 9.22, 1),
        ('f40239b2-6a56-5995-019b-588e8123342c', 'fce1d96a-6a07-4559-cff6-dd6efde758ae', '85f9604d-be58-3de7-922c-d96f09e70df9', '38107df5-ef20-692d-b25d-38a655763bc1', 23.09, 1),
        ('f465f0de-8423-fa0f-3602-047ba5a062a0', 'fce1d96a-6a07-4559-cff6-dd6efde758ae', 'a53bc3d7-7ffd-8914-e5c7-d543d1bb82c8', '9d281e0e-5b87-89c0-1c08-9abd756af04d', 13.15, 1),
        ('f539b944-c368-6ed8-07c2-69028ec6595f', 'fce1d96a-6a07-4559-cff6-dd6efde758ae', 'dedcc523-d7c8-8cf7-4552-69a99082cce1', '1440873b-8960-c584-b0e3-f7e7ec772e34', 25.94, 1),
        ('f6df7d4d-2afb-99ae-7826-cd24eac524ef', 'fce1d96a-6a07-4559-cff6-dd6efde758ae', 'a9aaeee4-ab10-f5ab-93e4-3bd8f9031bd6', 'baf92501-8b15-9544-5d14-5486a6f7c202', 15.13, 1),
        ('f7f9da60-3054-71b5-272a-62bce0dfe309', 'fce1d96a-6a07-4559-cff6-dd6efde758ae', '773987be-2c6e-e9b1-05ec-16c7c47deb9a', '88c3ae38-8b20-d652-1837-60c479e92968', 25.30, 1),
        ('f92daa24-068a-c8aa-8473-e5287c84773a', 'fce1d96a-6a07-4559-cff6-dd6efde758ae', '21096f6a-4553-7740-4a94-9dbba3f980de', 'd8284f74-d6b9-c16e-8780-a24e86cce604', 21.21, 1),
        ('fad40f89-eb21-9c55-f303-360a37fba4b8', 'fce1d96a-6a07-4559-cff6-dd6efde758ae', '17a3e1d5-35f9-1ea2-6f4e-19aed7b29d46', '75a47ed9-1e2c-8f37-0c48-e076f9c4c653', 13.60, 1),
        ('fb248514-e0c8-9b30-2e2d-c4a24bdcc85b', 'fce1d96a-6a07-4559-cff6-dd6efde758ae', '9ae9e5c2-77e1-63b2-34f6-4fc843750ce4', 'd7059039-3ccb-6a91-b09c-aaeda94a94a4', 15.81, 1),
        ('fbda57eb-4b65-675e-14d2-339d06271927', 'fce1d96a-6a07-4559-cff6-dd6efde758ae', '424f5b70-5683-0380-b628-cabfffa97abf', '8c97824d-b830-09c2-3bbb-4a16d2df6678', 12.21, 1),
        ('fc4a0ea1-dd6b-e5d9-9bfe-58192790027b', 'fce1d96a-6a07-4559-cff6-dd6efde758ae', '88c3ae38-8b20-d652-1837-60c479e92968', '9436767c-b2fd-0e3c-34ca-2181b42ad8c3', 21.93, 1),
        ('fc5b7024-9f9b-274f-0457-b0738ec7e4b5', 'fce1d96a-6a07-4559-cff6-dd6efde758ae', 'd9d9d8f7-b5bd-11ef-6195-da793962da5b', 'b6924de1-8317-a776-71e8-6c4e8e74396d', 29.21, 1),
        ('fd64581a-9922-0058-d19e-47a7f6a91696', 'fce1d96a-6a07-4559-cff6-dd6efde758ae', '28d1b6fb-7a66-4486-df53-1ea25d951ec5', '364a7182-2a6e-fd0c-dd99-c885ecfa9124', 12.73, 1),
        ('fdcfb200-a0b8-e860-51da-a8e6186fb33e', 'fce1d96a-6a07-4559-cff6-dd6efde758ae', '3f2664e7-602c-b174-e053-4dc15201b3a4', '41f31214-de3e-9581-cda3-af759b702a8f', 14.32, 1),
        ('fe47f088-b119-296c-61cd-4758a8353a25', 'fce1d96a-6a07-4559-cff6-dd6efde758ae', '076ad1f7-54b3-43ef-c3c4-adbd81feb9eb', '78661251-ed22-74a0-d4bf-16c65b07269a', 12.65, 1),
        ('ff7e789c-83e5-daf8-73bf-da96532ec98c', 'fce1d96a-6a07-4559-cff6-dd6efde758ae', 'b73f5854-cd35-8498-df0c-31796083289f', '345221bd-e39f-a713-07e8-9a5887925762', 12.17, 1);

    INSERT INTO dbo.Admirals(AdmiralID, CycleID, EmpireID, AdmiralName, ReputationScore, Status, CreatedAt, UpdatedAt)
    VALUES
        ('aff0c7fa-0165-78db-bd0a-a4f770ed422f', 'fce1d96a-6a07-4559-cff6-dd6efde758ae', '1b12558d-ff5e-d372-e4c1-94f63137b642', N'Elian Voss', 0, N'Active', @SeededAt, @SeededAt),
        ('fe2cd889-ba40-cd7b-6cbc-3e8cef6c8037', 'fce1d96a-6a07-4559-cff6-dd6efde758ae', 'dc99aa36-86c5-ebe6-2ba0-1b557b73ec5b', N'Ilya Sen', 0, N'Active', @SeededAt, @SeededAt),
        ('70f25832-dd43-8d14-72e4-9d1a0fe83d83', 'fce1d96a-6a07-4559-cff6-dd6efde758ae', 'c0660deb-fa0d-be04-7967-8a1e8691079e', N'Mara Sutekh', 0, N'Active', @SeededAt, @SeededAt),
        ('219c6de2-f38e-d076-47c3-d09adf3dee9a', 'fce1d96a-6a07-4559-cff6-dd6efde758ae', '5b61c575-b567-8f71-e940-4e08f628cad7', N'Tavian Orre', 0, N'Active', @SeededAt, @SeededAt);

    INSERT INTO dbo.Fleets(FleetID, CycleID, EmpireID, AdmiralID, FleetName, CurrentSystemID, DestinationSystemID, ArrivalTickNumber, ShipCount, Status, CreatedAt)
    VALUES
        ('04eff6c0-998a-66ef-c882-34b221368b4b', 'fce1d96a-6a07-4559-cff6-dd6efde758ae', '1b12558d-ff5e-d372-e4c1-94f63137b642', NULL, N'Aurelian Home Guard', '403e9403-2340-8c6a-cf4c-225004dc02fb', NULL, NULL, 30, N'Active', @SeededAt),
        ('49b9d4b1-892c-009a-184a-5122d864e12b', 'fce1d96a-6a07-4559-cff6-dd6efde758ae', 'c0660deb-fa0d-be04-7967-8a1e8691079e', '70f25832-dd43-8d14-72e4-9d1a0fe83d83', N'Khepri Gate Raiders', '2d5ba6a4-1721-2dd3-4057-35c1f7b01b71', NULL, NULL, 20, N'Active', @SeededAt),
        ('59412fdc-6d2f-f5e8-a6e5-88ab480e6372', 'fce1d96a-6a07-4559-cff6-dd6efde758ae', 'c0660deb-fa0d-be04-7967-8a1e8691079e', NULL, N'Khepri Home Fleet', '5f1619ba-29b3-a376-838e-432d313f4222', NULL, NULL, 40, N'Active', @SeededAt),
        ('22b80436-db08-9382-3c0c-2e91449be933', 'fce1d96a-6a07-4559-cff6-dd6efde758ae', '5b61c575-b567-8f71-e940-4e08f628cad7', '219c6de2-f38e-d076-47c3-d09adf3dee9a', N'Novan League Home Fleet', 'ec2b9806-1597-2aaa-01e8-1af5cb7a1969', NULL, NULL, 60, N'Active', @SeededAt),
        ('e17e8e91-d4fe-aabf-c35d-deaa6c26172e', 'fce1d96a-6a07-4559-cff6-dd6efde758ae', '1b12558d-ff5e-d372-e4c1-94f63137b642', NULL, N'Pale Harbour Survey', '5426c7cc-7083-d00c-cc6d-cc774971c5ba', NULL, NULL, 12, N'Active', @SeededAt),
        ('82ba60e7-3827-3d9a-57e4-7511bc9c5fa2', 'fce1d96a-6a07-4559-cff6-dd6efde758ae', '1b12558d-ff5e-d372-e4c1-94f63137b642', 'aff0c7fa-0165-78db-bd0a-a4f770ed422f', N'Treaty Gate Vanguard', '2d5ba6a4-1721-2dd3-4057-35c1f7b01b71', NULL, NULL, 18, N'Active', @SeededAt),
        ('a8c01cc4-efad-d769-6100-4c8f28606a98', 'fce1d96a-6a07-4559-cff6-dd6efde758ae', 'dc99aa36-86c5-ebe6-2ba0-1b557b73ec5b', 'fe2cd889-ba40-cd7b-6cbc-3e8cef6c8037', N'Vestige Combine Home Fleet', '4dd27e1f-7f5d-925a-3361-f5f48421167d', NULL, NULL, 60, N'Active', @SeededAt);

    INSERT INTO dbo.Events(EventID, CycleID, TickNumber, EventType, SystemID, EmpireID, Severity, FactJson, DisplayText, CreatedAt)
    VALUES
        ('029b750a-db56-cf33-628e-4abd4ec3b834', 'fce1d96a-6a07-4559-cff6-dd6efde758ae', 0, N'CycleSeeded', NULL, NULL, N'Normal', N'{
  "cycleId": "fce1d96a-6a07-4559-cff6-dd6efde758ae",
  "empireCount": 4,
  "systemCount": 280,
  "sectorCount": 16,
  "topologyKey": "sector-crown-v1",
  "seed": 71421
}', N'The ' + @CycleName + N' began with 4 empires and 280 systems.', @SeededAt),
        ('90507006-2403-9e35-870a-5737678e5137', 'fce1d96a-6a07-4559-cff6-dd6efde758ae', 0, N'OpeningBriefingIssued', '2d5ba6a4-1721-2dd3-4057-35c1f7b01b71', '1b12558d-ff5e-d372-e4c1-94f63137b642', N'High', N'{
  "scenarioKey": "development-cold-start-v1",
  "focusSystemId": "2d5ba6a4-1721-2dd3-4057-35c1f7b01b71",
  "objectives": {
    "move": {
      "fleetId": "04eff6c0-998a-66ef-c882-34b221368b4b",
      "targetSystemId": "fdc04d05-ccf9-5225-f715-fbd36721dc6b"
    },
    "colonise": {
      "fleetId": "e17e8e91-d4fe-aabf-c35d-deaa6c26172e",
      "systemId": "5426c7cc-7083-d00c-cc6d-cc774971c5ba"
    },
    "attack": {
      "fleetId": "82ba60e7-3827-3d9a-57e4-7511bc9c5fa2",
      "systemId": "2d5ba6a4-1721-2dd3-4057-35c1f7b01b71",
      "targetEmpireId": "c0660deb-fa0d-be04-7967-8a1e8691079e"
    }
  }
}', N'Day 1 briefing: Khepri raiders contest Treaty Gate. Pale Harbour is ready for an outpost, while Nadir Crossing offers immediate expansion.', @SeededAt);

END;
COMMIT TRANSACTION;
